predictor,component,loading
780,1,-0.70654083416643687
781,1,-0.70405128993116772
782,1,-0.70143783665160442
783,1,-0.69937838578637523
784,1,-0.697185079894999
785,1,-0.6949605616259622
786,1,-0.69295966027536959
787,1,-0.69100063899244502
788,1,-0.68928986353357746
789,1,-0.68753125729452125
790,1,-0.68568807627367401
791,1,-0.68421955279096325
792,1,-0.68272675061899957
793,1,-0.68120882677446926
794,1,-0.67972354341861452
795,1,-0.67838368552715278
796,1,-0.67703545148053423
797,1,-0.67583643811312233
798,1,-0.67453155593981684
799,1,-0.67328430418685414
800,1,-0.67202785244298291
801,1,-0.6708007391675892
802,1,-0.66957643345868822
803,1,-0.66873491686445485
804,1,-0.66760311672465611
805,1,-0.6664671702530941
806,1,-0.66540973602627318
807,1,-0.66467647798548091
808,1,-0.66349658685033297
809,1,-0.66256345356728397
810,1,-0.6618442822620868
811,1,-0.66090732415214126
812,1,-0.65977539255122375
813,1,-0.65890426036184202
814,1,-0.65821185992941678
815,1,-0.65739641224646284
816,1,-0.6565526050627557
817,1,-0.65572287457204881
818,1,-0.65538017073520305
819,1,-0.65428120497919107
820,1,-0.65358306831970292
821,1,-0.65275308440351798
822,1,-0.65220830418319808
823,1,-0.65158890488020416
824,1,-0.65062557342649874
825,1,-0.65029219975067132
826,1,-0.64980341345189063
827,1,-0.64897522376060901
828,1,-0.64840340518772122
829,1,-0.64798433636413411
830,1,-0.64733209969503647
831,1,-0.64680314710600284
832,1,-0.64627042474857344
833,1,-0.64578323235307522
834,1,-0.64541206226669778
835,1,-0.64465711902359324
836,1,-0.64404635395654442
837,1,-0.64377235068478411
838,1,-0.64337148428510793
839,1,-0.64298795950939769
840,1,-0.64231758620222246
841,1,-0.64189456752505503
842,1,-0.64179949592621821
843,1,-0.64141868392279122
844,1,-0.6410353529640862
845,1,-0.64063844829830974
846,1,-0.64052255323289031
847,1,-0.64001870941775951
848,1,-0.63964587903854819
849,1,-0.63924773549003289
850,1,-0.63931984769010763
851,1,-0.63909200471246386
852,1,-0.63856035347673235
853,1,-0.63827039494213034
854,1,-0.63804358203719691
855,1,-0.63779351863973166
856,1,-0.63735150134683638
857,1,-0.63699346354413111
858,1,-0.63655132479061516
859,1,-0.63662989662148939
860,1,-0.6361717402155973
861,1,-0.63585571088280968
862,1,-0.63575354519396987
863,1,-0.63545995812774647
864,1,-0.63537493020573599
865,1,-0.6349655683963269
866,1,-0.63456343866747145
867,1,-0.63442384807589458
868,1,-0.63417826293242685
869,1,-0.63412448511816089
870,1,-0.63399059359653565
871,1,-0.6335889087169746
872,1,-0.63341500376476056
873,1,-0.63341556896421269
874,1,-0.63331369461968323
875,1,-0.6333023280989708
876,1,-0.63287540171785095
877,1,-0.63279824932866413
878,1,-0.63282404163055195
879,1,-0.63262856463453099
880,1,-0.6323856768842383
881,1,-0.63195659434788998
882,1,-0.63178086866496097
883,1,-0.63165794325565217
884,1,-0.6317018774811648
885,1,-0.63128497268584038
886,1,-0.63087400438355268
887,1,-0.63093361146280713
888,1,-0.63055515317210764
889,1,-0.6303807545089547
890,1,-0.6299623020773687
891,1,-0.62976349726851044
892,1,-0.6298617753668615
893,1,-0.62949752198612063
894,1,-0.62914491380726245
895,1,-0.6289514674464235
896,1,-0.62873245234391217
897,1,-0.62831703876540346
898,1,-0.6279148256220648
899,1,-0.62790409619180154
900,1,-0.62731929944216569
901,1,-0.62746499816088819
902,1,-0.62702823613336733
903,1,-0.626543243716431
904,1,-0.62636167310524515
905,1,-0.62639319808231098
906,1,-0.62566785484725507
907,1,-0.62554557252362109
908,1,-0.62482533040600297
909,1,-0.62505638340342884
910,1,-0.62448612193333142
911,1,-0.62420975162195791
912,1,-0.62421240697461755
913,1,-0.62364258259555239
914,1,-0.62335992899444048
915,1,-0.62317693159859222
916,1,-0.62263350601046019
917,1,-0.62249788829743646
918,1,-0.6223449718138977
919,1,-0.62177298818175708
920,1,-0.62134109066188525
921,1,-0.62143305550797789
922,1,-0.62153428176023984
923,1,-0.62122030345783319
924,1,-0.62055945867708817
925,1,-0.62054522385308064
926,1,-0.62072579093807834
927,1,-0.61986545387656422
928,1,-0.61968894863221224
929,1,-0.6194516333543344
930,1,-0.61943657054612233
931,1,-0.61887230593480591
932,1,-0.61894259025468279
933,1,-0.61862500876056603
934,1,-0.61836087364155479
935,1,-0.618158129791884
936,1,-0.61800820001804324
937,1,-0.61773065546458183
938,1,-0.6173796411854513
939,1,-0.61695563695530764
940,1,-0.61671798698608915
941,1,-0.61636184309044906
942,1,-0.61614637611225864
943,1,-0.61612844925599441
944,1,-0.61594212802121928
945,1,-0.61559160373355859
946,1,-0.61529626525254399
947,1,-0.61529339980143094
948,1,-0.61511630073231283
949,1,-0.61477168970390028
950,1,-0.61445457844974427
951,1,-0.61422847270295977
952,1,-0.61412663465416428
953,1,-0.6137655794442386
954,1,-0.61315736973928237
955,1,-0.61336247934852717
956,1,-0.6126390439938969
957,1,-0.61251657919742808
958,1,-0.61165626709526411
959,1,-0.61154002844401523
960,1,-0.61081449416271927
961,1,-0.61020090884544598
962,1,-0.60996131581293067
963,1,-0.60926048941395639
964,1,-0.60850068292091353
965,1,-0.60807613662456206
966,1,-0.60815190699755128
967,1,-0.60723578002758094
968,1,-0.60667362265212577
969,1,-0.60595615263224101
970,1,-0.60548337197584035
971,1,-0.6052559193118433
972,1,-0.60525172200352828
973,1,-0.60478411232309781
974,1,-0.60407755054685408
975,1,-0.60376500619402618
976,1,-0.60390176355137093
977,1,-0.60363477546914102
978,1,-0.60375019313594014
979,1,-0.60361691894294933
980,1,-0.60316526446870966
981,1,-0.60274982069483207
982,1,-0.60193516905719013
983,1,-0.60166469923844368
984,1,-0.60105352008303348
985,1,-0.60070424479403606
986,1,-0.59997940470059741
987,1,-0.59927798040735369
988,1,-0.59880887427719587
989,1,-0.59788253258172408
990,1,-0.59651853526486354
991,1,-0.59657995594764224
992,1,-0.59577106075199004
993,1,-0.59504448343514715
994,1,-0.59492200021870834
995,1,-0.59431579215137242
996,1,-0.59426603141521905
997,1,-0.59403467628233197
998,1,-0.59345138684839538
999,1,-0.59367061756566464
1000,1,-0.59353017254447715
1001,1,-0.58521123988285495
1002,1,-0.58479021388706487
1003,1,-0.58516025629551005
1004,1,-0.58480537423143408
1005,1,-0.5849455039497834
1006,1,-0.5846887166623933
1007,1,-0.58499027239841483
1008,1,-0.58492573991004471
1009,1,-0.58529126070383786
1010,1,-0.58525854451143255
1011,1,-0.58485698190412416
1012,1,-0.58489385013303763
1013,1,-0.5847908786234669
1014,1,-0.5853650623724258
1015,1,-0.58555694296799732
1016,1,-0.58558886676182298
1017,1,-0.585530267153343
1018,1,-0.58542687040329355
1019,1,-0.58530993689357746
1020,1,-0.58554732095624451
1021,1,-0.58600255454306305
1022,1,-0.58635901755474928
1023,1,-0.58649178077119968
1024,1,-0.5859902362187317
1025,1,-0.58632921380642322
1026,1,-0.58648809148404446
1027,1,-0.58679650147307905
1028,1,-0.58673815059085666
1029,1,-0.58666507167907367
1030,1,-0.58702051085433149
1031,1,-0.58748917374592147
1032,1,-0.5876008959187905
1033,1,-0.58782870706546198
1034,1,-0.58802832203768873
1035,1,-0.58821889841673514
1036,1,-0.58838501350366346
1037,1,-0.58823807406624495
1038,1,-0.58861430577920637
1039,1,-0.58878061796773751
1040,1,-0.58881818803625674
1041,1,-0.58929229347167333
1042,1,-0.5893753345671453
1043,1,-0.589386808296814
1044,1,-0.58992612376210996
1045,1,-0.59004722123111897
1046,1,-0.59052278492020738
1047,1,-0.59056536102330304
1048,1,-0.59031692668439728
1049,1,-0.59096657804859343
1050,1,-0.59077365328724185
1051,1,-0.59048595470045706
1052,1,-0.59051906781282515
1053,1,-0.59079852811973865
1054,1,-0.59077261581556806
1055,1,-0.59033215614199275
1056,1,-0.59021262448669387
1057,1,-0.5899149442369428
1058,1,-0.58991369739713895
1059,1,-0.5900774419907252
1060,1,-0.58997063594100907
1061,1,-0.58969962878299476
1062,1,-0.58962383710385258
1063,1,-0.58935719487414417
1064,1,-0.58968516449926389
1065,1,-0.58995459279778883
1066,1,-0.58982546246392342
1067,1,-0.58951135439346358
1068,1,-0.58974101999652595
1069,1,-0.5897769562752736
1070,1,-0.58941990068980354
1071,1,-0.5893314179352509
1072,1,-0.58935963299745386
1073,1,-0.58917348059082386
1074,1,-0.58930581343490152
1075,1,-0.58922477074190793
1076,1,-0.58954495749705849
1077,1,-0.5892052073871058
1078,1,-0.589410811796233
1079,1,-0.58969108215979182
1080,1,-0.58997562655142233
1081,1,-0.59002150614403126
1082,1,-0.59022140375114251
1083,1,-0.59004867002697914
1084,1,-0.58964607339899122
1085,1,-0.59007942947502101
1086,1,-0.59026446279296574
1087,1,-0.59015678829972862
1088,1,-0.59013081013958724
1089,1,-0.59022510276305462
1090,1,-0.59047297915463293
1091,1,-0.59091078136986752
1092,1,-0.59065199375912358
1093,1,-0.59059437658405367
1094,1,-0.59065084104855237
1095,1,-0.59074386750823449
1096,1,-0.59070702427470478
1097,1,-0.59076083908309873
1098,1,-0.59087938989663036
1099,1,-0.59097613939521276
1100,1,-0.59133814251702188
1101,1,-0.59115940593561589
1102,1,-0.5914396459239144
1103,1,-0.59168385480263597
1104,1,-0.5912870008515233
1105,1,-0.59132624489093455
1106,1,-0.59063733499639537
1107,1,-0.59097542678135839
1108,1,-0.59045373627917319
1109,1,-0.59050610497680711
1110,1,-0.59033682130509746
1111,1,-0.58983801652447532
1112,1,-0.58921893223104793
1113,1,-0.58850399562511369
1114,1,-0.5880230385647498
1115,1,-0.58738059519055597
1116,1,-0.5865174700224467
1117,1,-0.58549434990889826
1118,1,-0.58500222291114556
1119,1,-0.5833970523496782
1120,1,-0.58175948976962277
1121,1,-0.5807173159982576
1122,1,-0.57887437093136584
1123,1,-0.57770432852506592
1124,1,-0.5766643927088827
1125,1,-0.57532183859592745
1126,1,-0.57385624360920018
1127,1,-0.57145232916721833
1128,1,-0.57041324094108647
1129,1,-0.56910553712579226
1130,1,-0.56798876052066272
1131,1,-0.5664989318346817
1132,1,-0.56547088566914905
1133,1,-0.56466350324276104
1134,1,-0.56397751144575081
1135,1,-0.5630608515506409
1136,1,-0.56194065780400448
1137,1,-0.5619563833438338
1138,1,-0.56204058568502102
1139,1,-0.56156942879157701
1140,1,-0.56166455609691568
1141,1,-0.56156417157740335
1142,1,-0.56118932861834592
1143,1,-0.56121690757106357
1144,1,-0.56088297991592362
1145,1,-0.56083606184059476
1146,1,-0.56061307117387837
1147,1,-0.55959163786848531
1148,1,-0.55923523903742312
1149,1,-0.55857262412544151
1150,1,-0.55745634418909751
1151,1,-0.5569809590465804
1152,1,-0.55629258797198555
1153,1,-0.55466478135161135
1154,1,-0.55388402443920459
1155,1,-0.5532847150040997
1156,1,-0.55150066922389707
1157,1,-0.55065660780611769
1158,1,-0.55020969580729762
1159,1,-0.54914650971741397
1160,1,-0.54887693451933517
1161,1,-0.54792632842517353
1162,1,-0.54718112040969313
1163,1,-0.54656067772341421
1164,1,-0.54541245288679419
1165,1,-0.54530336823984815
1166,1,-0.54481941858028937
1167,1,-0.54403199338569386
1168,1,-0.54375924113421614
1169,1,-0.54324264018871937
1170,1,-0.54248869113863984
1171,1,-0.54159136123999463
1172,1,-0.5412696329582537
1173,1,-0.54046981767701308
1174,1,-0.54006916116944403
1175,1,-0.53939717724146019
1176,1,-0.53855550319054768
1177,1,-0.5380120280314088
1178,1,-0.53762105365574642
1179,1,-0.53683426473745277
1180,1,-0.53580720513870006
1181,1,-0.53430097142840238
1182,1,-0.53362191231335576
1183,1,-0.53203995493029899
1184,1,-0.53069620406096263
1185,1,-0.5291667346357507
1186,1,-0.52748444195952537
1187,1,-0.52586675127779681
1188,1,-0.52447153819778336
1189,1,-0.52234467094121195
1190,1,-0.52096058098745746
1191,1,-0.51908913611025709
1192,1,-0.51725799417866536
1193,1,-0.51539041296901511
1194,1,-0.51399415261116155
1195,1,-0.51236048662960887
1196,1,-0.51056247577560121
1197,1,-0.50932847481039101
1198,1,-0.50744897895909624
1199,1,-0.50625598170902664
1200,1,-0.50427807046810269
1201,1,-0.50326130178375217
1202,1,-0.501584829419781
1203,1,-0.50033843938833211
1204,1,-0.49915695308664609
1205,1,-0.49808857735671286
1206,1,-0.49705070284754332
1207,1,-0.49563668125042493
1208,1,-0.4945094108353717
1209,1,-0.49303372770036974
1210,1,-0.49188682604737854
1211,1,-0.49057587090671634
1212,1,-0.48958807301537588
1213,1,-0.48771631184362596
1214,1,-0.48697544419888211
1215,1,-0.48560918591890234
1216,1,-0.4842145291127265
1217,1,-0.48298378598982666
1218,1,-0.48220019090371308
1219,1,-0.48083715616458511
1220,1,-0.47959953793061771
1221,1,-0.4785709458689163
1222,1,-0.4778196595503354
1223,1,-0.4766312380802466
1224,1,-0.47597093510638633
1225,1,-0.47468016702375498
1226,1,-0.47437691429570211
1227,1,-0.47422187154493817
1228,1,-0.47367609596746935
1229,1,-0.47387989938992314
1230,1,-0.47408732397217451
1231,1,-0.47384667782277401
1232,1,-0.47440283755156454
1233,1,-0.474671569650852
1234,1,-0.47560894444215529
1235,1,-0.47559099086494566
1236,1,-0.47675221032773052
1237,1,-0.47789522497390585
1238,1,-0.47949249562917523
1239,1,-0.48053571538218381
1240,1,-0.48187257671456074
1241,1,-0.48307663999741396
1242,1,-0.48367822222316087
1243,1,-0.48522940820220145
1244,1,-0.48645795577092116
1245,1,-0.48736901334526206
1246,1,-0.48864545311147889
1247,1,-0.48907472932948148
1248,1,-0.49044429529829681
1249,1,-0.49139165107219579
1250,1,-0.49250637731193747
1251,1,-0.4930498852184339
1252,1,-0.49427741973809852
1253,1,-0.49489054141071559
1254,1,-0.49591064806347596
1255,1,-0.49654123367627562
1256,1,-0.49782092919638293
1257,1,-0.49822749946353584
1258,1,-0.49942414483759512
1259,1,-0.4998464219708485
1260,1,-0.50076705737588778
1261,1,-0.50199271794365086
1262,1,-0.50209370494669403
1263,1,-0.50291021545040016
1264,1,-0.50429103680416043
1265,1,-0.50445249180734475
1266,1,-0.50594855479581535
1267,1,-0.50630142121085819
1268,1,-0.50751415826105784
1269,1,-0.50798115096210095
1270,1,-0.50931511752066561
1271,1,-0.51024251091412798
1272,1,-0.51206688387463273
1273,1,-0.51268652592281039
1274,1,-0.51414583988723073
1275,1,-0.51522549537439288
1276,1,-0.51649016128270864
1277,1,-0.51823835367904825
1278,1,-0.51953068812663805
1279,1,-0.52158015514645062
1280,1,-0.52256615497371139
1281,1,-0.52449249152501931
1282,1,-0.52661899325722061
1283,1,-0.52745708233067257
1284,1,-0.5295071975826432
1285,1,-0.53142828274102472
1286,1,-0.53263678615838994
1287,1,-0.53459286170244158
1288,1,-0.53564587253748108
1289,1,-0.53730226713009377
1290,1,-0.53890952476469034
1291,1,-0.53997488764092316
1292,1,-0.54216757114073477
1293,1,-0.54315667230889797
1294,1,-0.5437044409033529
1295,1,-0.54504199261932584
1296,1,-0.54555904767606589
1297,1,-0.54683420398704607
1298,1,-0.54760603930416718
1299,1,-0.54773546715565014
1300,1,-0.54788190253944458
1301,1,-0.54931891386909448
1302,1,-0.54922028177207272
1303,1,-0.54931980677006631
1304,1,-0.54966901197850171
1305,1,-0.54963650111728091
1306,1,-0.54950095435547119
1307,1,-0.5493652573046327
1308,1,-0.54901267898063466
1309,1,-0.54883606318653566
1310,1,-0.54886205622204232
1311,1,-0.54764576549577915
1312,1,-0.54708773364237873
1313,1,-0.54701366721881162
1314,1,-0.54583979105067937
1315,1,-0.54491990276352864
1316,1,-0.54375521194264542
1317,1,-0.54260752628461117
1318,1,-0.54166420076326161
1319,1,-0.53997310955852973
1320,1,-0.5380154749942202
1321,1,-0.53593108418605495
1322,1,-0.53423186097246045
1323,1,-0.53232521158765977
1324,1,-0.53036656533206261
1325,1,-0.52745350061214069
1326,1,-0.52503196705697841
1327,1,-0.52196856594755037
1328,1,-0.51928044523155981
1329,1,-0.51621631253820222
1330,1,-0.5126776323681117
1331,1,-0.50985430701740486
1332,1,-0.50581804420576293
1333,1,-0.50189150818461803
1334,1,-0.4979159775759126
1335,1,-0.49377859673695496
1336,1,-0.48979340057033433
1337,1,-0.48434846538317172
1338,1,-0.48018818499967175
1339,1,-0.47425934111353063
1340,1,-0.46935741144570858
1341,1,-0.46337121773981238
1342,1,-0.45855346582149431
1343,1,-0.45243098511500462
1344,1,-0.44705190846209863
1345,1,-0.44112299340743655
1346,1,-0.43548133278614937
1347,1,-0.43015956935499228
1348,1,-0.42445088798850422
1349,1,-0.41958213482056167
1350,1,-0.41463576840964445
1351,1,-0.40915987068013349
1352,1,-0.40481161258620846
1353,1,-0.40024151729381219
1354,1,-0.39531613336838423
1355,1,-0.39087015032822137
1356,1,-0.386734048946348
1357,1,-0.38245677440618908
1358,1,-0.37854417824494485
1359,1,-0.37443537782633368
1360,1,-0.36969850927244491
1361,1,-0.36619281694745109
1362,1,-0.36268589180639832
1363,1,-0.35903820705251244
1364,1,-0.35597431566413912
1365,1,-0.35303794068493555
1366,1,-0.35072800428258388
1367,1,-0.34812030481265843
1368,1,-0.34684413358758098
1369,1,-0.34605069358570112
1370,1,-0.34549568400503572
1371,1,-0.34481213918349235
1372,1,-0.34515884403626135
1373,1,-0.34533805379229787
1374,1,-0.3457966112542824
1375,1,-0.34717919114827667
1376,1,-0.34784503877304385
1377,1,-0.34969041964511277
1378,1,-0.35104509613043372
1379,1,-0.35212807263837281
1380,1,-0.35346982578728542
1381,1,-0.3550250078447254
1382,1,-0.35599834551271048
1383,1,-0.35697064420966734
1384,1,-0.35787057304044029
1385,1,-0.35834320315482954
1386,1,-0.35923804020791383
1387,1,-0.35948289361094615
1388,1,-0.35944819733198441
1389,1,-0.35936510553730111
1390,1,-0.35900101853235572
1391,1,-0.35842847597155975
1392,1,-0.3575848482837003
1393,1,-0.35649769790932689
1394,1,-0.35527068271376944
1395,1,-0.35376902023773221
1396,1,-0.35209473033746902
1397,1,-0.35029600673921091
1398,1,-0.34832614848715232
1399,1,-0.34612752456269136
1400,1,-0.34442917304501647
1401,1,-0.34218737648895509
1402,1,-0.34012320107936755
1403,1,-0.33751949273252457
1404,1,-0.3352018289474098
1405,1,-0.33306512937589705
1406,1,-0.33066007265816355
1407,1,-0.3282324587854899
1408,1,-0.32586472629408042
1409,1,-0.32344293123817586
1410,1,-0.3210921317794922
1411,1,-0.31832050678980056
1412,1,-0.31608191739695535
1413,1,-0.31336464061275127
1414,1,-0.31108241932434344
1415,1,-0.30844791275968503
1416,1,-0.30599850715813609
1417,1,-0.30368472128490315
1418,1,-0.30121948609380572
1419,1,-0.29883158154291861
1420,1,-0.29654346051200281
1421,1,-0.2942865009202929
1422,1,-0.29217180181003249
1423,1,-0.29013014481917337
1424,1,-0.28824826956978183
1425,1,-0.28685880000138753
1426,1,-0.28534299010097225
1427,1,-0.28395806291944242
1428,1,-0.28251512040137733
1429,1,-0.28137012997535998
1430,1,-0.2803831198502178
1431,1,-0.27931873321281325
1432,1,-0.27842209349805314
1433,1,-0.27759405694929606
1434,1,-0.27682475841504672
1435,1,-0.27573637957355862
1436,1,-0.27492815072985061
1437,1,-0.27414019275062346
1438,1,-0.27319379710772468
1439,1,-0.27216276588540816
1440,1,-0.27122518589961464
1441,1,-0.2700743917773209
1442,1,-0.26928571511339083
1443,1,-0.26830575458148032
1444,1,-0.26732005326615033
1445,1,-0.26632767940175489
1446,1,-0.2652959941334887
1447,1,-0.26427650734975233
1448,1,-0.26342708183132085
1449,1,-0.26261052096702897
1450,1,-0.26188452483318253
1451,1,-0.26126389784167409
1452,1,-0.26031297188946939
1453,1,-0.25992170368575701
1454,1,-0.25950148890572255
1455,1,-0.25894808195155361
1456,1,-0.25834310671310984
1457,1,-0.25762787157805639
1458,1,-0.25719163557426289
1459,1,-0.25669209504371038
1460,1,-0.25599064606892319
1461,1,-0.25559191810616949
1462,1,-0.2551208383986952
1463,1,-0.25440766413974097
1464,1,-0.25398205238036531
1465,1,-0.25350269687432664
1466,1,-0.25294859002985898
1467,1,-0.25243347774761843
1468,1,-0.25183677456106307
1469,1,-0.2509741386200588
1470,1,-0.25019748430989019
1471,1,-0.24956260900367302
1472,1,-0.24905727521443183
1473,1,-0.24834422140698717
1474,1,-0.24764095135908237
1475,1,-0.24687317910824139
1476,1,-0.24635545550957394
1477,1,-0.24574765736277288
1478,1,-0.24518050006992495
1479,1,-0.24465149140097786
1480,1,-0.24395760728405549
1481,1,-0.24344653797363358
1482,1,-0.24277824999615713
1483,1,-0.24222356651440746
1484,1,-0.24180038574203172
1485,1,-0.24133026101792326
1486,1,-0.24086390550783593
1487,1,-0.24063375785259514
1488,1,-0.24017367530831152
1489,1,-0.23983902314904529
1490,1,-0.2394237410191111
1491,1,-0.23921563498001042
1492,1,-0.23873511718072993
1493,1,-0.23832326836370399
1494,1,-0.23791775467237594
1495,1,-0.23760145748526318
1496,1,-0.23737905716085975
1497,1,-0.23705756773144518
1498,1,-0.23670663756831026
1499,1,-0.23642608101862139
1500,1,-0.23633117570902443
1501,1,-0.23605950193961125
1502,1,-0.23569628412548713
1503,1,-0.23562830117145064
1504,1,-0.23519769430898421
1505,1,-0.23500991269966193
1506,1,-0.23506834652808711
1507,1,-0.23484580784783285
1508,1,-0.23465719110707522
1509,1,-0.23478090075742297
1510,1,-0.23451494848880031
1511,1,-0.23445957500120715
1512,1,-0.23442463564388294
1513,1,-0.23458178390696174
1514,1,-0.23459109254662525
1515,1,-0.23479495890539118
1516,1,-0.23457991490164495
1517,1,-0.23467686443581537
1518,1,-0.23478594349744622
1519,1,-0.23472262269360145
1520,1,-0.23464021153400982
1521,1,-0.23492196874040269
1522,1,-0.23476833554943696
1523,1,-0.23472463046084252
1524,1,-0.23463639301526087
1525,1,-0.23454871943854549
1526,1,-0.23445163313948403
1527,1,-0.23431043605753801
1528,1,-0.23431306946191854
1529,1,-0.23384766300483126
1530,1,-0.23378021516795566
1531,1,-0.23359602649578154
1532,1,-0.23342500000669014
1533,1,-0.23304582742422411
1534,1,-0.23287410270102599
1535,1,-0.23265683253215638
1536,1,-0.23223219623094721
1537,1,-0.23211614439905498
1538,1,-0.23178996759042317
1539,1,-0.23162588737652004
1540,1,-0.23106287196061509
1541,1,-0.23070091033565132
1542,1,-0.23055414280176351
1543,1,-0.23023563614493747
1544,1,-0.23009361661301556
1545,1,-0.22991719666706964
1546,1,-0.22947383096217391
1547,1,-0.22950345484998436
1548,1,-0.22902339880724321
1549,1,-0.22862788610712947
1550,1,-0.22849033142346048
1551,1,-0.22851036211494943
1552,1,-0.22828703393175079
1553,1,-0.22806695502757976
1554,1,-0.22788664039643011
1555,1,-0.22776512735289922
1556,1,-0.22787747545567838
1557,1,-0.22770080234165252
1558,1,-0.22755614093489185
1559,1,-0.22755735606327548
1560,1,-0.22750000089550035
1561,1,-0.22749218760402276
1562,1,-0.22744863538020554
1563,1,-0.22728183648369688
1564,1,-0.22732349202112231
1565,1,-0.22745641975824399
1566,1,-0.22721056442899995
1567,1,-0.22720517918520919
1568,1,-0.22722962172665687
1569,1,-0.22683167632238635
1570,1,-0.22701286856425676
1571,1,-0.22678193831422386
1572,1,-0.22677580786036575
1573,1,-0.22676018571945675
1574,1,-0.2267119774428468
1575,1,-0.22652412512850034
1576,1,-0.22635851714081168
1577,1,-0.22633577538133903
1578,1,-0.22607532208112871
1579,1,-0.22620338786911784
1580,1,-0.22610639682955896
1581,1,-0.22601071492382874
1582,1,-0.22593382169007947
1583,1,-0.22576014205077113
1584,1,-0.2258078580342458
1585,1,-0.22589749512667373
1586,1,-0.22613028639917548
1587,1,-0.22615255927595954
1588,1,-0.22651471231308126
1589,1,-0.22657778160074044
1590,1,-0.2269912108072496
1591,1,-0.22736168594117093
1592,1,-0.22775759547799632
1593,1,-0.22842864529119644
1594,1,-0.22888951342564101
1595,1,-0.22941931847564645
1596,1,-0.22992365067317877
1597,1,-0.23081682853427193
1598,1,-0.23159972401172776
1599,1,-0.23209160256653705
1600,1,-0.23295026053725312
1601,1,-0.23374476598058905
1602,1,-0.23455379868625564
1603,1,-0.23540560134377359
1604,1,-0.23621576099573899
1605,1,-0.23719626304792174
1606,1,-0.23815503078117364
1607,1,-0.23919921502248426
1608,1,-0.24011840703218859
1609,1,-0.24122732683028897
1610,1,-0.24213099183670939
1611,1,-0.24312454785584683
1612,1,-0.24385108950586989
1613,1,-0.24517956384769093
1614,1,-0.24620545762766594
1615,1,-0.24691308115841878
1616,1,-0.24810443151241435
1617,1,-0.24873876841224069
1618,1,-0.24955822937922001
1619,1,-0.25045282461778995
1620,1,-0.25116052198272881
1621,1,-0.2520974727637485
1622,1,-0.25291768007524162
1623,1,-0.25372306379011794
1624,1,-0.25462489660767618
1625,1,-0.25540816836821817
1626,1,-0.2563519143683069
1627,1,-0.25672479646433499
1628,1,-0.25728811811267893
1629,1,-0.25779236105877312
1630,1,-0.25830484334975717
1631,1,-0.25850412519821081
1632,1,-0.25889494587621392
1633,1,-0.25895152214306216
1634,1,-0.25928747655574663
1635,1,-0.25951259772057794
1636,1,-0.25939967616684473
1637,1,-0.25957332713060066
1638,1,-0.25958783594543872
1639,1,-0.25972609705075522
1640,1,-0.2594974088869304
1641,1,-0.25935580789883045
1642,1,-0.25913368625442279
1643,1,-0.25873759844724864
1644,1,-0.25826306759494233
1645,1,-0.25766489086272415
1646,1,-0.2566982199930567
1647,1,-0.25583143970141242
1648,1,-0.25493613135627585
1649,1,-0.25372445075134425
1650,1,-0.25251949988274286
1651,1,-0.25140944707952745
1652,1,-0.2502584406586239
1653,1,-0.24908980018054322
1654,1,-0.2478276652736863
1655,1,-0.24642758312934876
1656,1,-0.24499761389896299
1657,1,-0.24344600707635375
1658,1,-0.24206299738020923
1659,1,-0.24085368081413369
1660,1,-0.23917335714953114
1661,1,-0.23794740491142755
1662,1,-0.23658473504491645
1663,1,-0.23496350552216283
1664,1,-0.23416198361571794
1665,1,-0.23283083453442041
1666,1,-0.2322599695260576
1667,1,-0.23144958781853542
1668,1,-0.23087383121453989
1669,1,-0.2306687035655155
1670,1,-0.23088745774564706
1671,1,-0.23109444368963303
1672,1,-0.2315973836405274
1673,1,-0.23244479127878986
1674,1,-0.23372674149858919
1675,1,-0.23486883417732346
1676,1,-0.23626535400273663
1677,1,-0.23784480317243542
1678,1,-0.23936232986484141
1679,1,-0.24154781128579744
1680,1,-0.24346259608187179
1681,1,-0.2453004111881027
1682,1,-0.2473734535756828
1683,1,-0.24958793889576844
1684,1,-0.251754611412562
1685,1,-0.25378276501427888
1686,1,-0.25637112388715255
1687,1,-0.25818131107929709
1688,1,-0.26055409250634703
1689,1,-0.26246070641836011
1690,1,-0.26442356737750411
1691,1,-0.26615073590305777
1692,1,-0.26737345448052741
1693,1,-0.26877112761647309
1694,1,-0.27000227921712044
1695,1,-0.27091894440733372
1696,1,-0.27205470379267072
1697,1,-0.27300425636805425
1698,1,-0.27431380377445813
1699,1,-0.27545209111803054
1700,1,-0.27638135159696214
1701,1,-0.27726381517093562
1702,1,-0.27888665551572878
1703,1,-0.2800254904075653
1704,1,-0.2814289815130957
1705,1,-0.28284094823910338
1706,1,-0.28429539002370879
1707,1,-0.28542694534615548
1708,1,-0.28640765703768267
1709,1,-0.28750637705504362
1710,1,-0.28830234066097643
1711,1,-0.28938001250508416
1712,1,-0.2898041711052558
1713,1,-0.29055476655015716
1714,1,-0.29096543992232404
1715,1,-0.2910388834099078
1716,1,-0.29141460371209515
1717,1,-0.29222942244158107
1718,1,-0.29270865015250946
1719,1,-0.29336759707288274
1720,1,-0.29429639589478385
1721,1,-0.29556926481561363
1722,1,-0.29677755541347928
1723,1,-0.2980898661123928
1724,1,-0.29993260054898541
1725,1,-0.30144844610904975
1726,1,-0.30325814659512318
1727,1,-0.30457782355190516
1728,1,-0.30605931095636701
1729,1,-0.30750313835369308
1730,1,-0.30864965528759947
1731,1,-0.30946048948364607
1732,1,-0.30997679557837871
1733,1,-0.31033775357502191
1734,1,-0.31019797239863178
1735,1,-0.31029707480712082
1736,1,-0.30981693306248925
1737,1,-0.30962352422449929
1738,1,-0.30928389157253733
1739,1,-0.30911907894179019
1740,1,-0.30807356499682353
1741,1,-0.30776188039276847
1742,1,-0.30735986908002655
1743,1,-0.30652529619591395
1744,1,-0.30601934304086509
1745,1,-0.30536252935551994
1746,1,-0.3046699557098857
1747,1,-0.30402152428233631
1748,1,-0.30337547980847052
1749,1,-0.30261010708933805
1750,1,-0.30206767185825562
1751,1,-0.30126159843679839
1752,1,-0.30079012204264788
1753,1,-0.30013065001132888
1754,1,-0.29977111424221919
1755,1,-0.29972277927614732
1756,1,-0.2993338199011561
1757,1,-0.29903096745232682
1758,1,-0.29852545933005026
1759,1,-0.29829569210235501
1760,1,-0.29810793613768016
1761,1,-0.29757544366348138
1762,1,-0.29700364351298997
1763,1,-0.29664809784383372
1764,1,-0.29581274660813334
1765,1,-0.29463284326926847
1766,1,-0.29355513965375674
1767,1,-0.29221591188669238
1768,1,-0.29097807303490442
1769,1,-0.28997856356327395
1770,1,-0.28832661255806241
1771,1,-0.28713579768459174
1772,1,-0.28582914961981204
1773,1,-0.28464383267702315
1774,1,-0.2838083791247325
1775,1,-0.2829720949029555
1776,1,-0.28219084597774508
1777,1,-0.28160453454287487
1778,1,-0.28085745719201977
1779,1,-0.28012609603969318
1780,1,-0.27946786254384248
1781,1,-0.27915690663891307
1782,1,-0.2786666550705042
1783,1,-0.27823038769423752
1784,1,-0.27765483818484654
1785,1,-0.27736632369331504
1786,1,-0.27675811268683526
1787,1,-0.27657100460999584
1788,1,-0.27639651002679139
1789,1,-0.27625156626031516
1790,1,-0.2761473076322648
1791,1,-0.27652012823522043
1792,1,-0.27672747360185057
1793,1,-0.27689217557819967
1794,1,-0.27705432779873157
1795,1,-0.27748204092339895
1796,1,-0.27786555323908391
1797,1,-0.27829478470252239
1798,1,-0.27867014299764298
1799,1,-0.27905909198697942
1800,1,-0.27908725403359208
1801,1,-0.26970493504741849
1802,1,-0.26981837903285966
1803,1,-0.2698463665566756
1804,1,-0.26974592853054574
1805,1,-0.2697405502019693
1806,1,-0.2697882049222291
1807,1,-0.26996962719382078
1808,1,-0.26986440502217185
1809,1,-0.27003402488089207
1810,1,-0.27016815583108328
1811,1,-0.27050576238831558
1812,1,-0.27024278257481532
1813,1,-0.27043297249093079
1814,1,-0.2706497372066432
1815,1,-0.27059444744089639
1816,1,-0.2707767037562247
1817,1,-0.27084388694308031
1818,1,-0.27072441356361759
1819,1,-0.27080983815824111
1820,1,-0.27069839184491873
1821,1,-0.27047957577091047
1822,1,-0.27061195554692258
1823,1,-0.27048437518411467
1824,1,-0.27040613049595874
1825,1,-0.27049787217865146
1826,1,-0.27033758645945011
1827,1,-0.27056762889733826
1828,1,-0.27058777342431145
1829,1,-0.27120506685377316
1830,1,-0.27149886289219882
1831,1,-0.27175010322545173
1832,1,-0.27244020190330959
1833,1,-0.27316769696422877
1834,1,-0.27369576917602889
1835,1,-0.27449768210115016
1836,1,-0.27524041328679438
1837,1,-0.27622405130615257
1838,1,-0.27710116988230282
1839,1,-0.27805137199930374
1840,1,-0.27864640108985506
1841,1,-0.27955367949609783
1842,1,-0.2803225514553509
1843,1,-0.28133605037179443
1844,1,-0.28192190537051021
1845,1,-0.28319187179599303
1846,1,-0.28410814795550243
1847,1,-0.28503159482408902
1848,1,-0.28600982274011466
1849,1,-0.28708275714606651
1850,1,-0.28848322114345792
1851,1,-0.28929047436305916
1852,1,-0.2906094992261104
1853,1,-0.29191543681542803
1854,1,-0.2929594048853344
1855,1,-0.29387116097897253
1856,1,-0.29514435953889467
1857,1,-0.29614766195482339
1858,1,-0.29745457121808744
1859,1,-0.29868809768142623
1860,1,-0.29974646550173711
1861,1,-0.3013584123575993
1862,1,-0.30242581889075415
1863,1,-0.3036305593566791
1864,1,-0.30501788571189103
1865,1,-0.30635289569627167
1866,1,-0.30770946706009678
1867,1,-0.30881834517011564
1868,1,-0.31045785683637972
1869,1,-0.31187743189696854
1870,1,-0.31362257342885358
1871,1,-0.31553175368514147
1872,1,-0.31717703901070549
1873,1,-0.3190324467910915
1874,1,-0.32098830076327628
1875,1,-0.32257454864357632
1876,1,-0.32419360444863748
1877,1,-0.32549314719779138
1878,1,-0.32694898500647901
1879,1,-0.32851426270158057
1880,1,-0.32977798864838725
1881,1,-0.33105373895304097
1882,1,-0.33207745520803128
1883,1,-0.33311943585417625
1884,1,-0.33418369352387928
1885,1,-0.33483829710348301
1886,1,-0.3356060019720819
1887,1,-0.33641273275903755
1888,1,-0.33673717735788289
1889,1,-0.33755897443768945
1890,1,-0.33792438576014411
1891,1,-0.33844727903277622
1892,1,-0.33878947813657068
1893,1,-0.33896684390299919
1894,1,-0.33907048216565955
1895,1,-0.3392120707189486
1896,1,-0.33915565703190448
1897,1,-0.33878821531770265
1898,1,-0.33855042132727681
1899,1,-0.33821141325810378
1900,1,-0.33756831936714715
1901,1,-0.33710893961158073
1902,1,-0.33644419474536646
1903,1,-0.33576473494176157
1904,1,-0.33524834992026026
1905,1,-0.33461525129379555
1906,1,-0.33414875541857075
1907,1,-0.33366530401905131
1908,1,-0.33343264170705555
1909,1,-0.33350339682522284
1910,1,-0.33338053310462545
1911,1,-0.33366250269348763
1912,1,-0.33380252951135225
1913,1,-0.33428489248396698
1914,1,-0.33484307298346955
1915,1,-0.33559027406676745
1916,1,-0.33623029142230992
1917,1,-0.33698571394589821
1918,1,-0.33807259941150442
1919,1,-0.33890516839988954
1920,1,-0.3399653552580692
1921,1,-0.34093566212232751
1922,1,-0.34195354244727394
1923,1,-0.34282553771501129
1924,1,-0.34388182598677391
1925,1,-0.34480837213182147
1926,1,-0.34568442527276805
1927,1,-0.34666770078911602
1928,1,-0.34755321330008782
1929,1,-0.3485294072850123
1930,1,-0.34923999792643762
1931,1,-0.35010759385482326
1932,1,-0.35106318087154825
1933,1,-0.35195831603602695
1934,1,-0.3526119186956978
1935,1,-0.35361707308131862
1936,1,-0.35437995674943024
1937,1,-0.35517936757328122
1938,1,-0.35605042545035903
1939,1,-0.3569118864207047
1940,1,-0.3577723640860952
1941,1,-0.35858359936220147
1942,1,-0.35935020360351688
1943,1,-0.36003481291778666
1944,1,-0.36072352826431514
1945,1,-0.36137723811093908
1946,1,-0.36210119502917443
1947,1,-0.36248087440510723
1948,1,-0.36305464249433389
1949,1,-0.36349886040278923
1950,1,-0.36392876355144516
1951,1,-0.36429928481195128
1952,1,-0.3647120397730424
1953,1,-0.36488112730427613
1954,1,-0.36524100291224154
1955,1,-0.36545224355824119
1956,1,-0.36584591904195146
1957,1,-0.36620201701613181
1958,1,-0.36663829011876564
1959,1,-0.36696567058666268
1960,1,-0.36762054651916348
1961,1,-0.36787399878408833
1962,1,-0.36841606594147946
1963,1,-0.36880068974598457
1964,1,-0.36938927416123302
1965,1,-0.36981861316556913
1966,1,-0.37017597166222255
1967,1,-0.37061659176549966
1968,1,-0.37108732526734783
1969,1,-0.37122798459179029
1970,1,-0.37150613425056211
1971,1,-0.37175253454847923
1972,1,-0.3720618833119429
1973,1,-0.37235618472209914
1974,1,-0.37260553194085005
1975,1,-0.37271310688495168
1976,1,-0.37302634948426677
1977,1,-0.37313892571368873
1978,1,-0.37330380852317596
1979,1,-0.37344876464176407
1980,1,-0.37365217250173666
1981,1,-0.37391446297325642
1982,1,-0.37423981113880395
1983,1,-0.37441367179855795
1984,1,-0.37460561823625255
1985,1,-0.37495943573071339
1986,1,-0.37522228342995401
1987,1,-0.37525446312061272
1988,1,-0.37554536327573412
1989,1,-0.37547262417588562
1990,1,-0.37558915029212919
1991,1,-0.37577068408572228
1992,1,-0.37574769727020352
1993,1,-0.37556224705573571
1994,1,-0.37547219665941284
1995,1,-0.37540622210503594
1996,1,-0.37518623744121282
1997,1,-0.37492113186941617
1998,1,-0.37467346070896518
1999,1,-0.37436164927311
2000,1,-0.37391162266015182
2001,1,-0.37352609815826704
2002,1,-0.37324888883627599
2003,1,-0.37289374229354538
2004,1,-0.37250284490446939
2005,1,-0.3719225145975012
2006,1,-0.37157235387542747
2007,1,-0.37082022672113713
2008,1,-0.37038788551326152
2009,1,-0.36969971959133008
2010,1,-0.36872945057261763
2011,1,-0.36781270400750748
2012,1,-0.36669340951998852
2013,1,-0.36574671467275621
2014,1,-0.36429522742852471
2015,1,-0.36306140668461195
2016,1,-0.36165612559203092
2017,1,-0.36019822833800869
2018,1,-0.35848641712475532
2019,1,-0.35674782538379196
2020,1,-0.35490531949544318
2021,1,-0.35307124113958194
2022,1,-0.3512371029247654
2023,1,-0.34924694377591431
2024,1,-0.34725901822641586
2025,1,-0.34535041487020574
2026,1,-0.34323862429621166
2027,1,-0.34122013776042526
2028,1,-0.33928674215182203
2029,1,-0.33730625624637983
2030,1,-0.33528231708603601
2031,1,-0.33340353349686019
2032,1,-0.33140864562286626
2033,1,-0.32984708162031368
2034,1,-0.32786178185474818
2035,1,-0.32605359964713204
2036,1,-0.32408018994255988
2037,1,-0.32212643516958867
2038,1,-0.32035887949100866
2039,1,-0.31859574619732844
2040,1,-0.31652740774468474
2041,1,-0.31492006483155577
2042,1,-0.31298207172485942
2043,1,-0.31125105542940601
2044,1,-0.30950708974325225
2045,1,-0.30750030723932253
2046,1,-0.30562495175860011
2047,1,-0.30384105464088612
2048,1,-0.30210102107734094
2049,1,-0.30026052223714872
2050,1,-0.29832302783904968
2051,1,-0.29657239719098977
2052,1,-0.29459609540980297
2053,1,-0.29258473975872423
2054,1,-0.29062905996034005
2055,1,-0.28865715417473597
2056,1,-0.28672202780253192
2057,1,-0.28483853855043406
2058,1,-0.28298844819064839
2059,1,-0.28105724535867255
2060,1,-0.27898524303093891
2061,1,-0.27712722807705564
2062,1,-0.27497632086807133
2063,1,-0.2729829986891843
2064,1,-0.27087423599072175
2065,1,-0.26893393349905065
2066,1,-0.26688324129654856
2067,1,-0.26485729296458199
2068,1,-0.26302065954073522
2069,1,-0.26087708750619742
2070,1,-0.25896601968547095
2071,1,-0.2571130661360127
2072,1,-0.25526230245912607
2073,1,-0.25354461803364542
2074,1,-0.25198404487328763
2075,1,-0.2503862645428318
2076,1,-0.24888473798262853
2077,1,-0.24748641537222191
2078,1,-0.2461291301489224
2079,1,-0.24494111994747605
2080,1,-0.24381443797608207
2081,1,-0.24263005191132622
2082,1,-0.24178808853857878
2083,1,-0.24075987663156156
2084,1,-0.23978432661907548
2085,1,-0.23887311936587749
2086,1,-0.23816955957666941
2087,1,-0.23718463352272814
2088,1,-0.23653307282918701
2089,1,-0.23598833703082367
2090,1,-0.23525382677472359
2091,1,-0.23454168695125266
2092,1,-0.23391986546160118
2093,1,-0.23315048851887996
2094,1,-0.23249346706499563
2095,1,-0.23174143762116012
2096,1,-0.23112045039347495
2097,1,-0.23053491902523734
2098,1,-0.22987560152027708
2099,1,-0.22927920485721331
2100,1,-0.22879728258603282
2101,1,-0.22809631938600416
2102,1,-0.22758591629296565
2103,1,-0.22692433716236626
2104,1,-0.22650520860781614
2105,1,-0.22601415512372283
2106,1,-0.225484498676015
2107,1,-0.22516375086500823
2108,1,-0.22488663542142234
2109,1,-0.2244687255241089
2110,1,-0.2242393370804239
2111,1,-0.22405668322534464
2112,1,-0.22398609510501252
2113,1,-0.22377130410084486
2114,1,-0.22369731929084383
2115,1,-0.22365901047574324
2116,1,-0.22368425500584765
2117,1,-0.22362108158537514
2118,1,-0.2236797632820724
2119,1,-0.22377512099495384
2120,1,-0.22387203300491129
2121,1,-0.22382662741730941
2122,1,-0.2238510187486108
2123,1,-0.22398477990057383
2124,1,-0.22391185424719701
2125,1,-0.22395150662699759
2126,1,-0.22409717623350206
2127,1,-0.2241522486793168
2128,1,-0.22432661153218969
2129,1,-0.22441873737210594
2130,1,-0.22458940090570506
2131,1,-0.22483682304542435
2132,1,-0.22496877472424986
2133,1,-0.22536127346835999
2134,1,-0.22571814508770557
2135,1,-0.22612111634356694
2136,1,-0.22680936931385537
2137,1,-0.22746021593732302
2138,1,-0.22805378084536626
2139,1,-0.2288285870243893
2140,1,-0.22978594816744902
2141,1,-0.23054161680928908
2142,1,-0.23131616808856473
2143,1,-0.2321700182066867
2144,1,-0.23326993132901022
2145,1,-0.23426103896115918
2146,1,-0.2353531669306409
2147,1,-0.23652479904070478
2148,1,-0.23742894398336051
2149,1,-0.23870655408467023
2150,1,-0.23959314883496186
2151,1,-0.24081981694942778
2152,1,-0.24184136462084013
2153,1,-0.24261762329707751
2154,1,-0.24362448776533541
2155,1,-0.2446502879486101
2156,1,-0.24566419031135692
2157,1,-0.24667723838950595
2158,1,-0.2477623908189597
2159,1,-0.24864913025773358
2160,1,-0.24954330526584914
2161,1,-0.25056737554077102
2162,1,-0.25148126162421819
2163,1,-0.2524664695163561
2164,1,-0.25334935104314932
2165,1,-0.25425123033068386
2166,1,-0.25512839775595386
2167,1,-0.25621015495031702
2168,1,-0.25703760952690224
2169,1,-0.25789689092102996
2170,1,-0.25862490057532039
2171,1,-0.25948294039759412
2172,1,-0.26009704143483053
2173,1,-0.26095089599683141
2174,1,-0.26179494507553558
2175,1,-0.26230645268704539
2176,1,-0.26310090001493053
2177,1,-0.26353950421543731
2178,1,-0.26401098192613409
2179,1,-0.26441100817454694
2180,1,-0.26491909961761573
2181,1,-0.26520155072186596
2182,1,-0.26553669478787145
2183,1,-0.26582386596934787
2184,1,-0.26607437059981398
2185,1,-0.26630148341870519
2186,1,-0.2664066076680216
2187,1,-0.26682485036221304
2188,1,-0.26691335093210922
2189,1,-0.26729050373665919
2190,1,-0.26739463041419548
2191,1,-0.26746607299955494
2192,1,-0.26765124487539049
2193,1,-0.26786167525430199
2194,1,-0.26786414714478474
2195,1,-0.26818270200601263
2196,1,-0.2684291898027773
2197,1,-0.26839866440881532
2198,1,-0.26874113084829943
2199,1,-0.26895488662270478
2200,1,-0.26914717876906691
2201,1,-0.26946184402306728
2202,1,-0.26969535165503794
2203,1,-0.26981792600639404
2204,1,-0.26994801575853949
2205,1,-0.26986038186279676
2206,1,-0.26997656945553716
2207,1,-0.26966262156003706
2208,1,-0.26946905864804405
2209,1,-0.26912854302258138
2210,1,-0.26894366219653937
2211,1,-0.26837625117527242
2212,1,-0.26773687267927099
2213,1,-0.26691282871798538
2214,1,-0.26628824822369063
2215,1,-0.26533972710417825
2216,1,-0.26450108958413487
2217,1,-0.2632640650481356
2218,1,-0.26194352423439032
2219,1,-0.26070954799219209
2220,1,-0.25932059333629875
2221,1,-0.25771739090670986
2222,1,-0.25619696845900597
2223,1,-0.25445269198941944
2224,1,-0.25274360503789156
2225,1,-0.25084539864269145
2226,1,-0.24931243612764811
2227,1,-0.24734041918710692
2228,1,-0.24530235982033052
2229,1,-0.24334794743031279
2230,1,-0.24112726466351733
2231,1,-0.23896067037990282
2232,1,-0.23674133985310142
2233,1,-0.23441597790261387
2234,1,-0.23251349514730049
2235,1,-0.23024454869829283
2236,1,-0.22803803075082532
2237,1,-0.22605016054996593
2238,1,-0.22418626436040331
2239,1,-0.22216858260881758
2240,1,-0.2205814079504704
2241,1,-0.21869037935473465
2242,1,-0.2169727332537873
2243,1,-0.21563401257359865
2244,1,-0.21426179701819054
2245,1,-0.21294878514109045
2246,1,-0.21172976188114992
2247,1,-0.21028709234138024
2248,1,-0.20947537568471972
2249,1,-0.20825129554820984
2250,1,-0.2073936854491876
2251,1,-0.20607825178788461
2252,1,-0.2052022708361759
2253,1,-0.20399045692858581
2254,1,-0.20340220184212676
2255,1,-0.20242159458425457
2256,1,-0.20180103644267888
2257,1,-0.20119317315033008
2258,1,-0.20056464302277036
2259,1,-0.2002440998936024
2260,1,-0.19993922568099293
2261,1,-0.19971531640657472
2262,1,-0.19979171693755263
2263,1,-0.20003046961241563
2264,1,-0.20056863936228064
2265,1,-0.20138935340418082
2266,1,-0.20211247997333118
2267,1,-0.20293894613173488
2268,1,-0.204040486836467
2269,1,-0.2050831362293227
2270,1,-0.20635236922562961
2271,1,-0.20789403200975748
2272,1,-0.20925897697032519
2273,1,-0.21077081213490398
2274,1,-0.21255486948676378
2275,1,-0.21450940652280945
2276,1,-0.21626466478640316
2277,1,-0.21806800922266528
2278,1,-0.22003441860612702
2279,1,-0.22227419734514145
2280,1,-0.2245255254476354
2281,1,-0.22676982539336804
2282,1,-0.22923674051377627
2283,1,-0.23181303372447351
2284,1,-0.23425450064509978
2285,1,-0.23674281853424159
2286,1,-0.23931680346420001
2287,1,-0.2421909431066952
2288,1,-0.24493162517669972
2289,1,-0.24788138269827942
2290,1,-0.25063673925256147
2291,1,-0.25346725605543985
2292,1,-0.25618494861520724
2293,1,-0.25874637821697083
2294,1,-0.26103233776167062
2295,1,-0.26346350567512145
2296,1,-0.26586614752290505
2297,1,-0.26845348405949693
2298,1,-0.2702346923327611
2299,1,-0.2723260834993948
2300,1,-0.27421499079133055
2301,1,-0.27581630534302365
2302,1,-0.27755568967633198
2303,1,-0.27918699955821458
2304,1,-0.28063321425083687
2305,1,-0.28201175388521288
2306,1,-0.28303071445051547
2307,1,-0.28398748068602592
2308,1,-0.284560947525834
2309,1,-0.28494363218760904
2310,1,-0.28488930681575891
2311,1,-0.28449395661802795
2312,1,-0.28376661034977657
2313,1,-0.2824494644241598
2314,1,-0.28093226946448729
2315,1,-0.27896921846192063
2316,1,-0.2765215977622289
2317,1,-0.27415248651895224
2318,1,-0.27107622872691922
2319,1,-0.2681420117515993
2320,1,-0.26523345781505259
2321,1,-0.26268720371648413
2322,1,-0.26025990568639557
2323,1,-0.25824207046449638
2324,1,-0.25614169139734044
2325,1,-0.25435440843208629
2326,1,-0.25290345677199183
2327,1,-0.25191631850345786
2328,1,-0.25114339514283696
2329,1,-0.25074235080781937
2330,1,-0.25063381979453947
2331,1,-0.250504120890297
2332,1,-0.25079388628945387
2333,1,-0.25120577335949085
2334,1,-0.25161023307091035
2335,1,-0.25252605432322872
2336,1,-0.25324426982014325
2337,1,-0.2539600173782427
2338,1,-0.25508840183521486
2339,1,-0.25629603440025139
2340,1,-0.25754736329104411
2341,1,-0.25914080834918829
2342,1,-0.26097508010153131
2343,1,-0.26277061257580725
2344,1,-0.26461877222719521
2345,1,-0.26649973781408426
2346,1,-0.26820478705527256
2347,1,-0.26987322060848379
2348,1,-0.27130259828086306
2349,1,-0.27248944271513992
2350,1,-0.27314770228869434
2351,1,-0.27373390325085434
2352,1,-0.27389700085800373
2353,1,-0.27412179493941635
2354,1,-0.2738062148243256
2355,1,-0.27363729754512661
2356,1,-0.27316383960559476
2357,1,-0.27264045144086474
2358,1,-0.27213623643074442
2359,1,-0.2714762879481048
2360,1,-0.27114267286981703
2361,1,-0.27102683862717614
2362,1,-0.27106219555635652
2363,1,-0.27102166784041953
2364,1,-0.27124788851165865
2365,1,-0.2713013623124636
2366,1,-0.27132749412873342
2367,1,-0.27144502100162671
2368,1,-0.27158302907411713
2369,1,-0.27180129902942951
2370,1,-0.27197211737622379
2371,1,-0.27244490172312202
2372,1,-0.27271371340617806
2373,1,-0.27312958575683249
2374,1,-0.27358425056850894
2375,1,-0.27407331785726136
2376,1,-0.27449121619938605
2377,1,-0.27488346410663139
2378,1,-0.27540568498132328
2379,1,-0.27591414827475647
2380,1,-0.27649392105881204
2381,1,-0.27723867802403007
2382,1,-0.27827591975236809
2383,1,-0.27928050284579714
2384,1,-0.28021429179359281
2385,1,-0.28110062328306046
2386,1,-0.28210258799933774
2387,1,-0.28316767622350481
2388,1,-0.28405829016378042
2389,1,-0.28531544539656573
2390,1,-0.28611926544216743
2391,1,-0.28718178903477681
2392,1,-0.28850387568586428
2393,1,-0.28988046057827743
2394,1,-0.29119391254211874
2395,1,-0.29244338711903384
2396,1,-0.29345790872375582
2397,1,-0.29474592783653464
2398,1,-0.29540999543221197
2399,1,-0.2962286789122911
2400,1,-0.29711107735775388
2401,1,-0.29788014203243368
2402,1,-0.29865978397368526
2403,1,-0.29981004387291471
2404,1,-0.30050476408597243
2405,1,-0.30121010135972015
2406,1,-0.30163330176273345
2407,1,-0.30229718440496317
2408,1,-0.30280375595370285
2409,1,-0.30277793886985566
2410,1,-0.3029204472081542
2411,1,-0.30285195770287948
2412,1,-0.30234670800089308
2413,1,-0.30203684817398735
2414,1,-0.30161371543915055
2415,1,-0.30102159005576318
2416,1,-0.30072949705456364
2417,1,-0.30052633860149408
2418,1,-0.30020924380116976
2419,1,-0.2999901274471542
2420,1,-0.29949803436781985
2421,1,-0.29907414154984135
2422,1,-0.29870002950020624
2423,1,-0.29833598745871226
2424,1,-0.29838776699990677
2425,1,-0.2981610045062657
2426,1,-0.29791515108558886
2427,1,-0.2980223514498419
2428,1,-0.29782931546749919
2429,1,-0.29776869600356892
2430,1,-0.29780025570604923
2431,1,-0.29763139109075015
2432,1,-0.29778958542479123
2433,1,-0.2975651820595614
2434,1,-0.29723315685183788
2435,1,-0.29680879991514358
2436,1,-0.2960558021158628
2437,1,-0.29584397256100509
2438,1,-0.29571269440103198
2439,1,-0.2954521886447623
2440,1,-0.29505225793437018
2441,1,-0.29488220900212997
2442,1,-0.29412075809676685
2443,1,-0.29339947176735198
2444,1,-0.29307411925168503
2445,1,-0.29242618325108793
2446,1,-0.29131900226827917
2447,1,-0.29062660237862936
2448,1,-0.28966149882222042
2449,1,-0.28888845000695851
2450,1,-0.28842267329450111
2451,1,-0.28711387962930585
2452,1,-0.28604256152590102
2453,1,-0.28536766483923215
2454,1,-0.28485295768048108
2455,1,-0.28493442202789071
2456,1,-0.28496501221663495
2457,1,-0.28471277158652031
2458,1,-0.28449127759097836
2459,1,-0.28437918452151034
2460,1,-0.2842380293777817
2461,1,-0.28388480117957715
2462,1,-0.28354011545838326
2463,1,-0.28290103634954744
2464,1,-0.28256914329628108
2465,1,-0.28163607093430265
2466,1,-0.28125659699837674
2467,1,-0.28130832910657888
2468,1,-0.28098243266312178
2469,1,-0.28075685598411765
2470,1,-0.28048237671627008
2471,1,-0.27967112167593666
2472,1,-0.27921270431923145
2473,1,-0.27873425073863684
2474,1,-0.27800995813337537
2475,1,-0.27678786204687172
2476,1,-0.27633473662284624
2477,1,-0.27651705076524313
2478,1,-0.27640560378984985
2479,1,-0.27715500585819985
2480,1,-0.27721199500641586
2481,1,-0.27629414237239414
2482,1,-0.27600096988424122
2483,1,-0.27581130687775141
2484,1,-0.27605930869399442
2485,1,-0.27740901994667577
2486,1,-0.2774423287462463
2487,1,-0.27740274329199244
2488,1,-0.27724826104567507
2489,1,-0.27646014466981089
2490,1,-0.27610818836870316
2491,1,-0.27564008925944133
2492,1,-0.27588194736609289
2493,1,-0.27612881559805147
2494,1,-0.27674245769831068
2495,1,-0.27850955377710113
2496,1,-0.28014550873931138
2497,1,-0.2816534167809055
2498,1,-0.28172260379033637
2499,1,-0.28199517341405245
2500,1,-0.28302369349355222
780,2,0.056294033425115457
781,2,0.057365826824567527
782,2,0.058438468799316516
783,2,0.059371046158573026
784,2,0.060240362738842188
785,2,0.06109344273227426
786,2,0.061916849998763047
787,2,0.062670946195958602
788,2,0.063271197936357826
789,2,0.06390767778170045
790,2,0.06455421349285824
791,2,0.065073437093672304
792,2,0.06555641344176949
793,2,0.066090121318797421
794,2,0.066537824464429671
795,2,0.066960916727797581
796,2,0.067330440067268349
797,2,0.067721245911390116
798,2,0.068065488479385497
799,2,0.068422249287077797
800,2,0.068692777645818798
801,2,0.068997175973473712
802,2,0.069266078540795528
803,2,0.06949485908809161
804,2,0.069743080475658095
805,2,0.070003156487382992
806,2,0.070168896375883069
807,2,0.07030567290017771
808,2,0.070572155138474868
809,2,0.070686508921126004
810,2,0.070773119243049437
811,2,0.070947955365842127
812,2,0.07115883545935657
813,2,0.071207274974616402
814,2,0.071287648256595351
815,2,0.071392151865131259
816,2,0.071437244640135678
817,2,0.071520295473125106
818,2,0.071475840759211082
819,2,0.071658743980908546
820,2,0.071568803088774655
821,2,0.071634271365973265
822,2,0.07160962054358179
823,2,0.071584962561721796
824,2,0.071634443910407936
825,2,0.071497360406557672
826,2,0.071455495904370128
827,2,0.071500608978031774
828,2,0.071366213256505329
829,2,0.071263671312075214
830,2,0.071206444420870971
831,2,0.071175968724363728
832,2,0.071110309227692514
833,2,0.070932780534197076
834,2,0.070765520210342409
835,2,0.070715076489939466
836,2,0.070571044098345914
837,2,0.070390238696818722
838,2,0.070234450700594683
839,2,0.070081093758908253
840,2,0.070022597664911895
841,2,0.069785859658505395
842,2,0.069553664180618549
843,2,0.069389655945404152
844,2,0.069180569206109627
845,2,0.068978460838600278
846,2,0.068615786509215806
847,2,0.068456609707808175
848,2,0.068224348204782348
849,2,0.068038811822424342
850,2,0.067688492745619736
851,2,0.06745256684972184
852,2,0.0672801516652968
853,2,0.066958673767570004
854,2,0.066754278762450187
855,2,0.06650675420550381
856,2,0.066224991019673066
857,2,0.066034746505202468
858,2,0.0657727709724895
859,2,0.065403217869072217
860,2,0.06522346004579202
861,2,0.064988850850888596
862,2,0.064624744035171072
863,2,0.06433874163440885
864,2,0.064127568093721665
865,2,0.063925187451140703
866,2,0.063575841614020592
867,2,0.063334399831898369
868,2,0.063087165174290527
869,2,0.062788899655750866
870,2,0.062506754520292973
871,2,0.062286650963354284
872,2,0.061916827354972823
873,2,0.061619697533140207
874,2,0.061397697461784397
875,2,0.061069581078537619
876,2,0.060904799855305732
877,2,0.060554015544873808
878,2,0.060276941482159396
879,2,0.060137151923341514
880,2,0.059862413008864697
881,2,0.059649129505987365
882,2,0.059360985143427678
883,2,0.059132602406376779
884,2,0.058901842763536515
885,2,0.05877107223228456
886,2,0.058625631733996923
887,2,0.058414820055212195
888,2,0.058215078336540868
889,2,0.058202179995849132
890,2,0.058016280785055885
891,2,0.057851126897113428
892,2,0.057753447990885748
893,2,0.057650018235105127
894,2,0.057475645734845558
895,2,0.057398715094025977
896,2,0.057332118087775233
897,2,0.05733668045405866
898,2,0.057272594655454714
899,2,0.057010816527511832
900,2,0.05709736724819945
901,2,0.05687090125594553
902,2,0.05693135892330916
903,2,0.056828869204320828
904,2,0.056664896351615514
905,2,0.056518923488876931
906,2,0.056619739540037302
907,2,0.056455022593245946
908,2,0.056465955101612016
909,2,0.056250903596054357
910,2,0.056282426359479151
911,2,0.056243256562728605
912,2,0.056041466780960898
913,2,0.055960646793210091
914,2,0.055867667757348742
915,2,0.055739838186388328
916,2,0.05557139856292765
917,2,0.055440026074847278
918,2,0.055125968617238029
919,2,0.054953434283768123
920,2,0.054754486333620199
921,2,0.054320091918041789
922,2,0.054014867541754157
923,2,0.053590000962773325
924,2,0.053485855547791873
925,2,0.053083820138791288
926,2,0.05264595497609046
927,2,0.052393866777237307
928,2,0.052026694696087637
929,2,0.051653897150526193
930,2,0.05120247055062143
931,2,0.050950957248131513
932,2,0.050617248227597812
933,2,0.050244684935778904
934,2,0.050011256401043876
935,2,0.049692718078673231
936,2,0.049338670934714488
937,2,0.049168172009976682
938,2,0.048912160606330676
939,2,0.04872773781946458
940,2,0.048433657472066315
941,2,0.048309055788641073
942,2,0.04814368281055429
943,2,0.047878421857124098
944,2,0.047742683585470611
945,2,0.047670691322197256
946,2,0.047542951007311825
947,2,0.047532944352152134
948,2,0.047374527644503305
949,2,0.047459636344451099
950,2,0.047407147088934697
951,2,0.04748454650351084
952,2,0.047556285575907013
953,2,0.047710796259250766
954,2,0.047988182613031047
955,2,0.048101770505619333
956,2,0.04838403376906901
957,2,0.04866548261967913
958,2,0.049123375993197049
959,2,0.049524012337138039
960,2,0.049999444044641378
961,2,0.050586930188835512
962,2,0.051126772065475681
963,2,0.051854897624382675
964,2,0.052656750724628366
965,2,0.053509360109854971
966,2,0.054237467686853232
967,2,0.055359427944710826
968,2,0.056542671713411846
969,2,0.057857298196917886
970,2,0.059098637212319616
971,2,0.06048028619215641
972,2,0.061992469847743259
973,2,0.063770052656892187
974,2,0.065491230079753229
975,2,0.067203114434786049
976,2,0.069031795615501934
977,2,0.070873033246413003
978,2,0.072427627896470601
979,2,0.074184273064850551
980,2,0.075566279977747439
981,2,0.076914100108802036
982,2,0.078129990401727564
983,2,0.078903559832579739
984,2,0.079593479082891383
985,2,0.079704333578735784
986,2,0.079810926460374854
987,2,0.079688252571862295
988,2,0.079320934041858665
989,2,0.078948290059211362
990,2,0.078634189028719728
991,2,0.078394736614052246
992,2,0.077837682756589283
993,2,0.077703085547213044
994,2,0.07753079327996594
995,2,0.077366114218451201
996,2,0.076989709387101424
997,2,0.076934124205322293
998,2,0.076947388193658567
999,2,0.076752085971483433
1000,2,0.076519453270727511
1001,2,0.079804445435128463
1002,2,0.079705166728753524
1003,2,0.079552231887062466
1004,2,0.079573342371981937
1005,2,0.079299182948018535
1006,2,0.079162654333376881
1007,2,0.07883272720660342
1008,2,0.078466722004852871
1009,2,0.078177263325051205
1010,2,0.077954511257002548
1011,2,0.077762438230620012
1012,2,0.077397170620389172
1013,2,0.077167896396421298
1014,2,0.076674229779956374
1015,2,0.076365646931071368
1016,2,0.075969764248101729
1017,2,0.075583434674255184
1018,2,0.075179279423775058
1019,2,0.074814876539533309
1020,2,0.074134942667678311
1021,2,0.073555266670133498
1022,2,0.072992258153102271
1023,2,0.072520491207443319
1024,2,0.072062674796519594
1025,2,0.071562477043721762
1026,2,0.070953234571079271
1027,2,0.070354473550667179
1028,2,0.069828047647527675
1029,2,0.069296234892674613
1030,2,0.068714413077171119
1031,2,0.067954945004875186
1032,2,0.067420105130706107
1033,2,0.066848528511396804
1034,2,0.066091057768563458
1035,2,0.065315506338365775
1036,2,0.064697102274353935
1037,2,0.064206396715300346
1038,2,0.063505393473617971
1039,2,0.063002900500101142
1040,2,0.062407139364593529
1041,2,0.061623042914238597
1042,2,0.060988383327682437
1043,2,0.060498616072222823
1044,2,0.05966825221430163
1045,2,0.05912313024663645
1046,2,0.058512073396941276
1047,2,0.058003497994026876
1048,2,0.057589989113082697
1049,2,0.05685404394330635
1050,2,0.0563949824921244
1051,2,0.056055921781051059
1052,2,0.055438690034549307
1053,2,0.054902881417468401
1054,2,0.05445607944937169
1055,2,0.054014831703410114
1056,2,0.053512889945556003
1057,2,0.053275205552475467
1058,2,0.052862605924210465
1059,2,0.052361967324067372
1060,2,0.051961653782281889
1061,2,0.051677795635098847
1062,2,0.051216350772902659
1063,2,0.050791527090839159
1064,2,0.050388544187399874
1065,2,0.049854139511663891
1066,2,0.049438550734415262
1067,2,0.049164350274233
1068,2,0.048664251343825855
1069,2,0.048302976857861807
1070,2,0.047963030149046855
1071,2,0.047713117928851842
1072,2,0.047182978963717863
1073,2,0.046811202853184061
1074,2,0.046346678558431394
1075,2,0.045955681670254614
1076,2,0.045589537788745416
1077,2,0.04514990717457646
1078,2,0.04471724082465018
1079,2,0.044355591066183267
1080,2,0.043904693699149358
1081,2,0.043448438452520062
1082,2,0.043165840041499433
1083,2,0.042821923100172056
1084,2,0.042505781482982466
1085,2,0.042011579363608782
1086,2,0.041546970427462547
1087,2,0.041014189838535796
1088,2,0.040747437571231143
1089,2,0.040239906660181721
1090,2,0.03972789684255229
1091,2,0.03929956082472582
1092,2,0.038923611021675103
1093,2,0.038508228292088373
1094,2,0.038279642363154266
1095,2,0.037812533803758999
1096,2,0.037624865079410388
1097,2,0.037183310205110925
1098,2,0.036666909591798309
1099,2,0.036388286322679819
1100,2,0.036039336432254827
1101,2,0.035814820835383655
1102,2,0.035431823087748518
1103,2,0.035077569419429584
1104,2,0.034991632821910312
1105,2,0.03464580992625646
1106,2,0.034662788720586056
1107,2,0.034189401646010462
1108,2,0.034176847255001697
1109,2,0.034111713315849813
1110,2,0.033976661404576725
1111,2,0.034003506639864088
1112,2,0.034027517736582906
1113,2,0.034135639125183193
1114,2,0.034207844049960204
1115,2,0.03427316965324359
1116,2,0.034392528961540637
1117,2,0.034791201136547462
1118,2,0.035039867876066388
1119,2,0.035659677074590647
1120,2,0.03631349330933744
1121,2,0.036904461608458776
1122,2,0.037694868970367383
1123,2,0.038636544607347639
1124,2,0.039529454974922794
1125,2,0.04049475436063197
1126,2,0.041910305163234705
1127,2,0.043452955245572661
1128,2,0.044843407696186721
1129,2,0.046382712855416806
1130,2,0.048050926761817096
1131,2,0.050034351009800762
1132,2,0.051683208149537946
1133,2,0.053648891063857278
1134,2,0.055637809455034652
1135,2,0.057590887891465631
1136,2,0.059923929370196166
1137,2,0.062035024628136606
1138,2,0.064199012410563833
1139,2,0.066528481951398488
1140,2,0.068784008688359183
1141,2,0.071117645858256348
1142,2,0.07364464339739546
1143,2,0.076249205132710177
1144,2,0.078760630852465582
1145,2,0.081647001657239524
1146,2,0.084487167206798858
1147,2,0.087769940120488721
1148,2,0.09100732245243201
1149,2,0.09449422403805087
1150,2,0.098155142366075199
1151,2,0.10193104929560659
1152,2,0.10590780316188897
1153,2,0.10992941719268184
1154,2,0.11408167329982745
1155,2,0.11812797400960832
1156,2,0.12241717816244574
1157,2,0.12667561103083963
1158,2,0.13064493827037024
1159,2,0.13484395572004476
1160,2,0.1386683177566285
1161,2,0.14239366912813115
1162,2,0.14606971434690202
1163,2,0.14961316063176683
1164,2,0.15302909777527704
1165,2,0.15604533698768425
1166,2,0.15911429257826892
1167,2,0.1620240309517105
1168,2,0.1649605104220434
1169,2,0.16761295017611041
1170,2,0.17055897375704265
1171,2,0.17335189640529555
1172,2,0.1760774393603331
1173,2,0.17863888068178554
1174,2,0.18122084471755212
1175,2,0.1838009528169498
1176,2,0.1864249356670504
1177,2,0.18880262027819594
1178,2,0.19117710369606439
1179,2,0.19368160917838501
1180,2,0.19625873509229666
1181,2,0.19862951506269308
1182,2,0.20097735293705232
1183,2,0.20342839766391146
1184,2,0.20582652722960015
1185,2,0.20816022929862707
1186,2,0.21048350803941257
1187,2,0.21294757626743127
1188,2,0.21512990148435612
1189,2,0.21750015055999444
1190,2,0.2194583028988932
1191,2,0.22164945036060776
1192,2,0.22370718450856791
1193,2,0.22560804301252105
1194,2,0.22720790794821982
1195,2,0.22877969428474584
1196,2,0.23013201870022687
1197,2,0.23119609912826372
1198,2,0.23239050871391842
1199,2,0.23322314124849139
1200,2,0.23402914717318141
1201,2,0.23461656479181964
1202,2,0.23534928199248931
1203,2,0.23597737294118096
1204,2,0.23643932952673105
1205,2,0.23680187394255015
1206,2,0.23720164743110722
1207,2,0.2375732596843658
1208,2,0.23813099370546692
1209,2,0.23838186194605637
1210,2,0.23880421320767981
1211,2,0.23894034323338692
1212,2,0.23923580129255514
1213,2,0.23956914883679023
1214,2,0.23954816599533574
1215,2,0.23979363531623527
1216,2,0.23990873459555045
1217,2,0.23995533908327502
1218,2,0.239830874636068
1219,2,0.23980607934464784
1220,2,0.23980129373494979
1221,2,0.23967530935266046
1222,2,0.23956106890493856
1223,2,0.23943001937363859
1224,2,0.23918230876179955
1225,2,0.23909143604317309
1226,2,0.23865485412017456
1227,2,0.23818568947795241
1228,2,0.23785525331935192
1229,2,0.23721780846312196
1230,2,0.23662367348700655
1231,2,0.23603330222415739
1232,2,0.23551486180459394
1233,2,0.23502118149911788
1234,2,0.23430481952199123
1235,2,0.23399627767769521
1236,2,0.23344589719729647
1237,2,0.23306494227399135
1238,2,0.23254986058222601
1239,2,0.23202368042725693
1240,2,0.23167114758123461
1241,2,0.23130227779907331
1242,2,0.23122897135313522
1243,2,0.23076977630093315
1244,2,0.230653718846794
1245,2,0.23032904259578352
1246,2,0.22991767150565326
1247,2,0.2298212105756072
1248,2,0.22954619878035845
1249,2,0.22921969747152438
1250,2,0.22889533802870674
1251,2,0.22866158483151283
1252,2,0.22819251224031437
1253,2,0.22801989519216775
1254,2,0.22762596708541852
1255,2,0.22727024130781462
1256,2,0.22696103570974305
1257,2,0.22659645624362321
1258,2,0.22635268828467764
1259,2,0.2261156735270983
1260,2,0.22579794026826999
1261,2,0.22545545082371779
1262,2,0.225475257748181
1263,2,0.2253099860461395
1264,2,0.22499130148839469
1265,2,0.22526702706956594
1266,2,0.22499520305958243
1267,2,0.22506135048245587
1268,2,0.22484003648877329
1269,2,0.22487530932140909
1270,2,0.22476564255613596
1271,2,0.22437583607155354
1272,2,0.22391265242947961
1273,2,0.22377927427467154
1274,2,0.22311808637384034
1275,2,0.22264116083097873
1276,2,0.22217814132546826
1277,2,0.2213365777298951
1278,2,0.22058972453568748
1279,2,0.21957855649159802
1280,2,0.21879926027359883
1281,2,0.21787084280597407
1282,2,0.21668883872085884
1283,2,0.21586079415433579
1284,2,0.21455011327991158
1285,2,0.21339040803212214
1286,2,0.21244991193764284
1287,2,0.21117043805181995
1288,2,0.21026156490923004
1289,2,0.20907625714769126
1290,2,0.20804617855777946
1291,2,0.20713531440482216
1292,2,0.20602203760408416
1293,2,0.20514961614290272
1294,2,0.20446269062705552
1295,2,0.20368386502165792
1296,2,0.20316831540012878
1297,2,0.2024615566763236
1298,2,0.20189470131783144
1299,2,0.20168068698611472
1300,2,0.20153720983354922
1301,2,0.20095070078738064
1302,2,0.20073273675793663
1303,2,0.20096140303646995
1304,2,0.200800895354701
1305,2,0.20094722445244409
1306,2,0.20127083045392596
1307,2,0.20164596987789479
1308,2,0.20198412610220098
1309,2,0.20245450156746672
1310,2,0.20282762254559353
1311,2,0.20387240619815766
1312,2,0.20478633076302613
1313,2,0.20532424448690717
1314,2,0.20642675304673119
1315,2,0.20751617964746089
1316,2,0.20845232812335768
1317,2,0.20978630200232803
1318,2,0.21115591457695004
1319,2,0.21243193384875528
1320,2,0.2140413977321087
1321,2,0.21589866032282193
1322,2,0.21743314728542529
1323,2,0.21913468858509616
1324,2,0.22103296028614439
1325,2,0.22309092146813042
1326,2,0.22501349796409048
1327,2,0.22747496464426231
1328,2,0.22970379389705933
1329,2,0.23215062429500755
1330,2,0.23471148843160014
1331,2,0.23708376801364486
1332,2,0.24014441964890917
1333,2,0.24289797033104032
1334,2,0.24575211314057668
1335,2,0.2487702313983304
1336,2,0.25165398738409289
1337,2,0.25504640306187787
1338,2,0.25820110879055697
1339,2,0.26172192385092308
1340,2,0.26505189201587304
1341,2,0.26873538098221605
1342,2,0.27197135839789821
1343,2,0.275524200731049
1344,2,0.27896536056796795
1345,2,0.28250017099861857
1346,2,0.28594527559134664
1347,2,0.28923728437026158
1348,2,0.29259726763590621
1349,2,0.29589281984152432
1350,2,0.299031283778872
1351,2,0.30217314290557901
1352,2,0.30507693436736771
1353,2,0.30788526786078008
1354,2,0.31082160883056803
1355,2,0.31342996846305127
1356,2,0.31597209980728608
1357,2,0.31851173649868803
1358,2,0.32093392497343115
1359,2,0.32318655873569296
1360,2,0.3256127632023389
1361,2,0.32759320393333813
1362,2,0.32956826893246344
1363,2,0.33150846367662695
1364,2,0.33324107853390822
1365,2,0.33493189797314665
1366,2,0.33627038128444336
1367,2,0.33778652523447422
1368,2,0.33889961092140558
1369,2,0.33977406271076138
1370,2,0.34066361644524801
1371,2,0.34133763797759448
1372,2,0.34167759771692924
1373,2,0.34196662304905789
1374,2,0.34209485553364777
1375,2,0.3419850849117918
1376,2,0.3418082187891669
1377,2,0.34119551334837595
1378,2,0.34070770980911652
1379,2,0.34007142089263592
1380,2,0.33922632819371623
1381,2,0.33833123788551162
1382,2,0.33752477948967113
1383,2,0.33649082774697514
1384,2,0.33555581117021521
1385,2,0.33474668562737331
1386,2,0.33365440492636006
1387,2,0.33280605064379171
1388,2,0.33204746640197841
1389,2,0.33115309723056358
1390,2,0.33047874667266008
1391,2,0.32987295864942101
1392,2,0.32931731742872611
1393,2,0.3288699886028903
1394,2,0.32842206576750999
1395,2,0.32815749231837399
1396,2,0.32797364451088562
1397,2,0.32786546509755654
1398,2,0.32792540654584956
1399,2,0.32815859513393103
1400,2,0.32829366209866445
1401,2,0.32879464523508967
1402,2,0.32925563222829246
1403,2,0.33002461631330404
1404,2,0.33094940158440139
1405,2,0.33198636610589433
1406,2,0.33318625226925164
1407,2,0.33456306567687066
1408,2,0.33610080741580545
1409,2,0.33773127947223219
1410,2,0.33961201747262609
1411,2,0.34158229834877935
1412,2,0.34365072756618942
1413,2,0.34584489870386304
1414,2,0.34810061572816764
1415,2,0.35042902473089615
1416,2,0.35281936113825796
1417,2,0.35513462429899328
1418,2,0.35754616252122812
1419,2,0.3599740476865797
1420,2,0.36235591073401929
1421,2,0.36485209937943097
1422,2,0.36728714715825733
1423,2,0.36973201511751219
1424,2,0.37223650320712215
1425,2,0.37470542225278081
1426,2,0.37726246777332445
1427,2,0.37992525155533374
1428,2,0.38257909795428596
1429,2,0.38525884629616886
1430,2,0.38772490713174573
1431,2,0.39029420357704253
1432,2,0.3924692455317863
1433,2,0.39453790209080686
1434,2,0.39614443606069294
1435,2,0.3976072136052996
1436,2,0.39863336383652226
1437,2,0.3992847101988114
1438,2,0.39961371266298429
1439,2,0.39962025868792472
1440,2,0.39925654643724645
1441,2,0.39868321845280569
1442,2,0.39780246039767148
1443,2,0.39685646905574745
1444,2,0.39574396192790462
1445,2,0.39464540788066199
1446,2,0.39357922422600278
1447,2,0.39259655400944066
1448,2,0.39164630477325607
1449,2,0.3908339317697912
1450,2,0.39019045883177411
1451,2,0.38963336973840784
1452,2,0.38929400376398765
1453,2,0.38893776164841681
1454,2,0.38875074557322742
1455,2,0.38865018660195311
1456,2,0.38868647441234072
1457,2,0.38876762929261205
1458,2,0.38891385389150024
1459,2,0.38910625696536388
1460,2,0.38933477242969455
1461,2,0.38955873015116721
1462,2,0.389826940340464
1463,2,0.39015670825767779
1464,2,0.3904333077247148
1465,2,0.39074131865478201
1466,2,0.39107263982938678
1467,2,0.39138210309166299
1468,2,0.3917419019818687
1469,2,0.39213849319498678
1470,2,0.39250734622342459
1471,2,0.39287840023582332
1472,2,0.39319964913928851
1473,2,0.39353376069683288
1474,2,0.39390597017871126
1475,2,0.39426061995664008
1476,2,0.39455716830927423
1477,2,0.3948538518085894
1478,2,0.39514473078407181
1479,2,0.3954170260716971
1480,2,0.39568538945642723
1481,2,0.39597129136177439
1482,2,0.39623482666922782
1483,2,0.39647249019028585
1484,2,0.39667596228612045
1485,2,0.39690445783395784
1486,2,0.39709613014957607
1487,2,0.39722745962013561
1488,2,0.39742209783623456
1489,2,0.39760192411226392
1490,2,0.39773315921238067
1491,2,0.39784892558682683
1492,2,0.39803530231477879
1493,2,0.39818444810735376
1494,2,0.39832384681801875
1495,2,0.39845913672294725
1496,2,0.39853861024720116
1497,2,0.39868099236116639
1498,2,0.39882062394846968
1499,2,0.3989186894255764
1500,2,0.3989752324907247
1501,2,0.3990589967139645
1502,2,0.39912200494828642
1503,2,0.39918355108140086
1504,2,0.39930007487167496
1505,2,0.39934338220264937
1506,2,0.39934406000143585
1507,2,0.39941175317635452
1508,2,0.39945884099727397
1509,2,0.39949360758149283
1510,2,0.3995563134382924
1511,2,0.39960041641500987
1512,2,0.39963351743964687
1513,2,0.39962406962915487
1514,2,0.3996378305492439
1515,2,0.39963161310994694
1516,2,0.39971996945428601
1517,2,0.39973156624954786
1518,2,0.39969405828756654
1519,2,0.39975469327182261
1520,2,0.39978615255635402
1521,2,0.39975789257433791
1522,2,0.39979238059014477
1523,2,0.39977576721890762
1524,2,0.39977630683424792
1525,2,0.39977365982696156
1526,2,0.39971727488180903
1527,2,0.39969671959443925
1528,2,0.39963631327330151
1529,2,0.39965036449335911
1530,2,0.39953836977172569
1531,2,0.39947273893324015
1532,2,0.3993622045354317
1533,2,0.3993160716969163
1534,2,0.39919218684572488
1535,2,0.39905226325591964
1536,2,0.3989947085107412
1537,2,0.39881588319895522
1538,2,0.39869988180458782
1539,2,0.39855018929813923
1540,2,0.39849066389365928
1541,2,0.39839934161187357
1542,2,0.398265367493218
1543,2,0.39814607977863731
1544,2,0.39801145048568171
1545,2,0.3979199645694611
1546,2,0.39789822984583439
1547,2,0.39773432197293462
1548,2,0.397744721902691
1549,2,0.39769011077234007
1550,2,0.39758428310632893
1551,2,0.39749548999695172
1552,2,0.39744737643058897
1553,2,0.3974575672670283
1554,2,0.39738758687752002
1555,2,0.39736742750351073
1556,2,0.39727144099182898
1557,2,0.3972802872604263
1558,2,0.3972617174940396
1559,2,0.39727509784679188
1560,2,0.3972550852977334
1561,2,0.39725127736972826
1562,2,0.39729054539912823
1563,2,0.39732293891576226
1564,2,0.39730444530577375
1565,2,0.39728958186299945
1566,2,0.39730147263808768
1567,2,0.39730326069251309
1568,2,0.39730304036827863
1569,2,0.39735450544709255
1570,2,0.39725730972375467
1571,2,0.39729373571532101
1572,2,0.39725077713729046
1573,2,0.39726676691498408
1574,2,0.3972382469646098
1575,2,0.39722485509850441
1576,2,0.39723503612383709
1577,2,0.39721232642374449
1578,2,0.39723626631535863
1579,2,0.39722024960169022
1580,2,0.39717629456992609
1581,2,0.39721606745604149
1582,2,0.39719168636745605
1583,2,0.39717937187150637
1584,2,0.3971090976057407
1585,2,0.39700484699066779
1586,2,0.39688325416327086
1587,2,0.39681749455929294
1588,2,0.39663549348482774
1589,2,0.39654126420242125
1590,2,0.39631669807069175
1591,2,0.39613793188180924
1592,2,0.39590057545859819
1593,2,0.39560962455535753
1594,2,0.39536863721362731
1595,2,0.39510122629739819
1596,2,0.39487833621469776
1597,2,0.39445129140268564
1598,2,0.39410023677323397
1599,2,0.39387034863515441
1600,2,0.39350299265861233
1601,2,0.39311839700175516
1602,2,0.39279406925091448
1603,2,0.39242738191739984
1604,2,0.3920310138227332
1605,2,0.3916255121846075
1606,2,0.39121380312723014
1607,2,0.39084826049970278
1608,2,0.39043458663286362
1609,2,0.39003043722594138
1610,2,0.38964513161896314
1611,2,0.38924251894966488
1612,2,0.38890158561299537
1613,2,0.38843960828701429
1614,2,0.38805367636711852
1615,2,0.38767250925551222
1616,2,0.38724687086797149
1617,2,0.38691438710480675
1618,2,0.38652323292601515
1619,2,0.38611509191994792
1620,2,0.3857521390669042
1621,2,0.38530919128405866
1622,2,0.38488339700598651
1623,2,0.38452917733855729
1624,2,0.38412245157370944
1625,2,0.38370150164905836
1626,2,0.38321247907252365
1627,2,0.3829417723983079
1628,2,0.3825862230291952
1629,2,0.38221899719320612
1630,2,0.38195889362950614
1631,2,0.38170210831959311
1632,2,0.38139809202206931
1633,2,0.38121641824652941
1634,2,0.38098422550020594
1635,2,0.38072237632430495
1636,2,0.38061341576991864
1637,2,0.38039195551480204
1638,2,0.38022234068679894
1639,2,0.38003812032396733
1640,2,0.37993767103955595
1641,2,0.37980134698598828
1642,2,0.37972787361190979
1643,2,0.37967499246500858
1644,2,0.37961577873829572
1645,2,0.37960911774120548
1646,2,0.37965990791336129
1647,2,0.3796913396690838
1648,2,0.37964220102495927
1649,2,0.37972510513316576
1650,2,0.37976536423828117
1651,2,0.37975499232083859
1652,2,0.37974848402842049
1653,2,0.37969235770510679
1654,2,0.37965296799922216
1655,2,0.37965845721087449
1656,2,0.37954749192538395
1657,2,0.37956737253850004
1658,2,0.37944011074755601
1659,2,0.37929333919571318
1660,2,0.37925051533499582
1661,2,0.37907014271346628
1662,2,0.37897624329307783
1663,2,0.37889169999177252
1664,2,0.378720079642753
1665,2,0.37851865447116795
1666,2,0.37823127958674707
1667,2,0.37803386344180567
1668,2,0.37777335072296064
1669,2,0.37749443597667903
1670,2,0.377131594087879
1671,2,0.37682504657927085
1672,2,0.376456622329218
1673,2,0.37602645792532552
1674,2,0.37556392564565344
1675,2,0.37531005651400218
1676,2,0.37500478856922692
1677,2,0.37471886821234368
1678,2,0.3746000186053387
1679,2,0.37436416917676341
1680,2,0.37421551330500974
1681,2,0.37417644520700316
1682,2,0.37412580702172765
1683,2,0.37397563994119404
1684,2,0.37387345371464797
1685,2,0.3737065961495149
1686,2,0.37332417770271686
1687,2,0.373011905591068
1688,2,0.37245263839214621
1689,2,0.3718610288302841
1690,2,0.37104320881825997
1691,2,0.37020487612914349
1692,2,0.36943458815558339
1693,2,0.36849563826688431
1694,2,0.36745663699538544
1695,2,0.36647859942447603
1696,2,0.36543887200671704
1697,2,0.36443706423364541
1698,2,0.36349452155963902
1699,2,0.36259710942181278
1700,2,0.36182805723547762
1701,2,0.36120815934562983
1702,2,0.36043765582243481
1703,2,0.35988667178638817
1704,2,0.35937926082197996
1705,2,0.35884381130918347
1706,2,0.35845595019657328
1707,2,0.35810092259437232
1708,2,0.35784345135853568
1709,2,0.35758651956582888
1710,2,0.35731234101407111
1711,2,0.35705931604515612
1712,2,0.35701343610710168
1713,2,0.35688250852077347
1714,2,0.35686929318274679
1715,2,0.35694554167544751
1716,2,0.35696937973182391
1717,2,0.35693243800402019
1718,2,0.35701720460531233
1719,2,0.3570632605220011
1720,2,0.35711630462475302
1721,2,0.35704424295151854
1722,2,0.356999215680536
1723,2,0.35690716145805695
1724,2,0.35669677094902186
1725,2,0.3564701212637702
1726,2,0.35614514969834909
1727,2,0.35592466289060232
1728,2,0.35564616307596847
1729,2,0.35535120895783617
1730,2,0.35515354829350004
1731,2,0.35507998124057877
1732,2,0.35508870195284203
1733,2,0.35517084758640316
1734,2,0.35541175616109683
1735,2,0.3555784829091021
1736,2,0.3558543261499828
1737,2,0.3561537493415517
1738,2,0.35650071226950786
1739,2,0.35675162825015322
1740,2,0.35724572658684323
1741,2,0.35752750090539243
1742,2,0.3577870242626604
1743,2,0.35819184127530546
1744,2,0.35850464056848008
1745,2,0.35882650660339016
1746,2,0.35909076514125088
1747,2,0.35948081853222069
1748,2,0.35979748201289835
1749,2,0.36012152843838846
1750,2,0.36046622812237611
1751,2,0.36089437610665503
1752,2,0.36122228265502715
1753,2,0.36154313146221162
1754,2,0.36178200305835734
1755,2,0.36200841416874785
1756,2,0.36225718856490763
1757,2,0.36251105245055271
1758,2,0.36282235317948186
1759,2,0.3630399768057837
1760,2,0.36317119917284291
1761,2,0.36340143470682101
1762,2,0.36364662866161568
1763,2,0.36380115442109767
1764,2,0.36402828724091635
1765,2,0.36433209922977461
1766,2,0.36457091417961629
1767,2,0.36480432783168065
1768,2,0.36506725305789633
1769,2,0.36524057775229685
1770,2,0.36557005956388927
1771,2,0.36576472733181037
1772,2,0.36598699823622111
1773,2,0.36621019266608196
1774,2,0.36636019471483183
1775,2,0.36652722189839598
1776,2,0.36665276157084903
1777,2,0.36678156945298623
1778,2,0.36694207855224498
1779,2,0.36716582748712079
1780,2,0.36727104539985972
1781,2,0.36739791862350218
1782,2,0.3675155536642043
1783,2,0.36760049710227299
1784,2,0.36767489891696875
1785,2,0.36776048184717419
1786,2,0.36781335860298897
1787,2,0.36782521799325207
1788,2,0.36778417751549697
1789,2,0.36776332697501352
1790,2,0.36777147286941303
1791,2,0.36761654073657024
1792,2,0.36752861869824216
1793,2,0.36741128719964644
1794,2,0.3673881571870557
1795,2,0.36721233705439915
1796,2,0.3670627450521004
1797,2,0.36691047604734661
1798,2,0.36672045318358582
1799,2,0.36652246360849533
1800,2,0.36641609580922224
1801,2,0.36898857328639539
1802,2,0.36880794751227508
1803,2,0.36860975778703098
1804,2,0.36846597759992505
1805,2,0.36825464038498912
1806,2,0.36807505242211458
1807,2,0.36784133593584573
1808,2,0.36770794533110801
1809,2,0.3675502195564852
1810,2,0.36740225360735279
1811,2,0.36727308122695695
1812,2,0.36730458455579373
1813,2,0.36723068276941384
1814,2,0.36718790201065443
1815,2,0.36726565637232356
1816,2,0.36729227548963661
1817,2,0.36733299546964765
1818,2,0.36749906501820301
1819,2,0.36755141440175859
1820,2,0.36762370753944551
1821,2,0.36775560451802175
1822,2,0.36777820887589163
1823,2,0.36781946127346155
1824,2,0.36778311131480601
1825,2,0.36765621513818408
1826,2,0.36761425423838379
1827,2,0.36741395431594998
1828,2,0.36722130546126791
1829,2,0.36687326553955812
1830,2,0.36660498049616536
1831,2,0.36635257846659075
1832,2,0.36592144553883316
1833,2,0.36554059315655629
1834,2,0.36526781130793318
1835,2,0.36486658258533028
1836,2,0.36451547919726729
1837,2,0.36422156446242837
1838,2,0.36387270836644497
1839,2,0.36359020194063379
1840,2,0.36337399716559354
1841,2,0.36314642205022185
1842,2,0.36292859337849626
1843,2,0.36269761666725148
1844,2,0.36261698696463773
1845,2,0.36232608374427444
1846,2,0.36217251299651543
1847,2,0.36199500647458394
1848,2,0.36187613466174251
1849,2,0.36167471108948818
1850,2,0.3614032965931997
1851,2,0.36126174991156523
1852,2,0.36098100356881951
1853,2,0.36077211177066826
1854,2,0.360664832726101
1855,2,0.36052800970601329
1856,2,0.36031573582730142
1857,2,0.36021919752082299
1858,2,0.36001769917170134
1859,2,0.35981176225584299
1860,2,0.35972154778341775
1861,2,0.35947755134354742
1862,2,0.35926239432991613
1863,2,0.35904816359722114
1864,2,0.35870029429052203
1865,2,0.35839042521336839
1866,2,0.35796358775196385
1867,2,0.35762071148709951
1868,2,0.35699105137102849
1869,2,0.35643321076979795
1870,2,0.35561818727296185
1871,2,0.3547307394089686
1872,2,0.35377408334600274
1873,2,0.35269824425047269
1874,2,0.35142055301807518
1875,2,0.35016042673617737
1876,2,0.34875775882880072
1877,2,0.34736862785072636
1878,2,0.34580588450903837
1879,2,0.3441276773149945
1880,2,0.34240340002335318
1881,2,0.34058623966869489
1882,2,0.33875896966557562
1883,2,0.33685313535765682
1884,2,0.33485543521578037
1885,2,0.33293701875429188
1886,2,0.33092684743106815
1887,2,0.32886187799898642
1888,2,0.3269583882524239
1889,2,0.32486304830110657
1890,2,0.3229917090436551
1891,2,0.32112201015140152
1892,2,0.31940678991298554
1893,2,0.31784297609095291
1894,2,0.316465395299733
1895,2,0.31514392502075911
1896,2,0.31412213110090559
1897,2,0.31328393424841383
1898,2,0.31258999202192655
1899,2,0.3121252986481014
1900,2,0.31191336330519409
1901,2,0.31180439689917494
1902,2,0.31187691367494635
1903,2,0.31217713497050709
1904,2,0.31249875246137304
1905,2,0.31308212719771022
1906,2,0.31357866107197674
1907,2,0.31431038139119072
1908,2,0.31498982278814169
1909,2,0.3156544073680545
1910,2,0.31637278706522692
1911,2,0.31707004257978916
1912,2,0.31786340511812633
1913,2,0.31852932170452386
1914,2,0.31917734745601051
1915,2,0.31976999329393613
1916,2,0.3204505621156174
1917,2,0.32107698100684279
1918,2,0.3216131696272882
1919,2,0.32219171647017159
1920,2,0.32269289462045592
1921,2,0.3232515604044251
1922,2,0.32373949349385456
1923,2,0.32427213091350798
1924,2,0.32471247420549221
1925,2,0.3251158001929309
1926,2,0.32553855219429056
1927,2,0.32593670028868765
1928,2,0.32630680331529732
1929,2,0.32661068176810892
1930,2,0.32700956295028943
1931,2,0.32732223947929645
1932,2,0.3275920872638719
1933,2,0.32781135012787171
1934,2,0.32814357022684565
1935,2,0.32829548382473323
1936,2,0.32851768317714164
1937,2,0.3287095901202432
1938,2,0.32886614786698709
1939,2,0.32894847042775571
1940,2,0.3290193426203129
1941,2,0.32912484773726564
1942,2,0.32916212254933386
1943,2,0.32924995106932203
1944,2,0.32928727692533355
1945,2,0.329314520542765
1946,2,0.3293479108768268
1947,2,0.32940452978311724
1948,2,0.32940885835176109
1949,2,0.32946205917559079
1950,2,0.32948285361950314
1951,2,0.32949280300477607
1952,2,0.32948701265496888
1953,2,0.32954294420760388
1954,2,0.32953649688002085
1955,2,0.32956804561758335
1956,2,0.32954977041320571
1957,2,0.32951772190863926
1958,2,0.32947688151726651
1959,2,0.32951616362240743
1960,2,0.32939465515785199
1961,2,0.32940304465813786
1962,2,0.32933247392907117
1963,2,0.32928888381447419
1964,2,0.3292062657003581
1965,2,0.3291573516488967
1966,2,0.32914712111983074
1967,2,0.32908781195338455
1968,2,0.32906458713487841
1969,2,0.32910315449718391
1970,2,0.32905155156482108
1971,2,0.32908345957759683
1972,2,0.3290632747757839
1973,2,0.32907197794313486
1974,2,0.3291334000707542
1975,2,0.32920789010716278
1976,2,0.32927811255099954
1977,2,0.32935079603894268
1978,2,0.32946794806232749
1979,2,0.32959630150850827
1980,2,0.32969542639087884
1981,2,0.32982812340200879
1982,2,0.32997954462011525
1983,2,0.33019242543515454
1984,2,0.3304290714477125
1985,2,0.33057400435382778
1986,2,0.33081300283548087
1987,2,0.33111820503131878
1988,2,0.33137761451308623
1989,2,0.33177288907954233
1990,2,0.33215578458027745
1991,2,0.33252371130855379
1992,2,0.33300318764262854
1993,2,0.33359199344363893
1994,2,0.3341395649525844
1995,2,0.33478265314285233
1996,2,0.33550896141673886
1997,2,0.33625894886204194
1998,2,0.33710010567480131
1999,2,0.33802268396081886
2000,2,0.3391055218553054
2001,2,0.34021436260090343
2002,2,0.34139791947168163
2003,2,0.34267825323050732
2004,2,0.34399223727792816
2005,2,0.34543140454786764
2006,2,0.34678125396427006
2007,2,0.34827982928316009
2008,2,0.34963713478635039
2009,2,0.35103486680289436
2010,2,0.35243614337321821
2011,2,0.35369824902871733
2012,2,0.35485886862897387
2013,2,0.35593105864805108
2014,2,0.35696067002959864
2015,2,0.35778960360448869
2016,2,0.35859404894514707
2017,2,0.35931967934073816
2018,2,0.3600264814078224
2019,2,0.36070552139643469
2020,2,0.36136834429582759
2021,2,0.36203396907543306
2022,2,0.36277043509394108
2023,2,0.3635142691818789
2024,2,0.36434087785404334
2025,2,0.36517904758249381
2026,2,0.36611239773887788
2027,2,0.36705949079814632
2028,2,0.36804094403440507
2029,2,0.36904908680584253
2030,2,0.3701173107685497
2031,2,0.37114507726587759
2032,2,0.37222588445531407
2033,2,0.37322114667009409
2034,2,0.37435975869597632
2035,2,0.37546817400607263
2036,2,0.37660587977357096
2037,2,0.3777677586694006
2038,2,0.37888731859505131
2039,2,0.38003195846867521
2040,2,0.38125781838581801
2041,2,0.38237375732437628
2042,2,0.38356677885169915
2043,2,0.38471500113035256
2044,2,0.38583457915441433
2045,2,0.38697314228771307
2046,2,0.38803484369882907
2047,2,0.38901017418439054
2048,2,0.38990471984214076
2049,2,0.39078355251907271
2050,2,0.39158288888335646
2051,2,0.39229123782977537
2052,2,0.39301252040091184
2053,2,0.39365910511943697
2054,2,0.39423568491851912
2055,2,0.39479673241343627
2056,2,0.3953264402573306
2057,2,0.39582820294235826
2058,2,0.39631162911859902
2059,2,0.39679814502660088
2060,2,0.39734632984450996
2061,2,0.39783745065770121
2062,2,0.39840159338726261
2063,2,0.3989374076280725
2064,2,0.39952253712014163
2065,2,0.40003939748108724
2066,2,0.4005970121362315
2067,2,0.4011487770362096
2068,2,0.40165678785571174
2069,2,0.40218712044115751
2070,2,0.40264287982434016
2071,2,0.40305096464136692
2072,2,0.40344761124054407
2073,2,0.40372893545427052
2074,2,0.40394098761213165
2075,2,0.4041259714053288
2076,2,0.40423826886362146
2077,2,0.4042594264242263
2078,2,0.40423809840156011
2079,2,0.40414847310560753
2080,2,0.40400839719249054
2081,2,0.40386638036809935
2082,2,0.40358882748164204
2083,2,0.40337472180811584
2084,2,0.40311123219984274
2085,2,0.40281442644000509
2086,2,0.4024349374927591
2087,2,0.40210839204690318
2088,2,0.40170973680313155
2089,2,0.40123108768531052
2090,2,0.4008542277282291
2091,2,0.40044600121512647
2092,2,0.40005399823591398
2093,2,0.39971391942638046
2094,2,0.39933180070974172
2095,2,0.39898040080344732
2096,2,0.39860310891355116
2097,2,0.39822279774624941
2098,2,0.39783699143034207
2099,2,0.39743660884860815
2100,2,0.39695908240437322
2101,2,0.39650966777192431
2102,2,0.39599239892805826
2103,2,0.39546318840044425
2104,2,0.39485040087686879
2105,2,0.39422389452140622
2106,2,0.3936219718199554
2107,2,0.39297063468294363
2108,2,0.39231942572423323
2109,2,0.39175075969630269
2110,2,0.39118514640131236
2111,2,0.39061758007396924
2112,2,0.39008549703870815
2113,2,0.38964276210085924
2114,2,0.38918060772239083
2115,2,0.38875317980635538
2116,2,0.38834647652839266
2117,2,0.38798818487172471
2118,2,0.38765343355598542
2119,2,0.3873073962789223
2120,2,0.38701625186239746
2121,2,0.386731272117737
2122,2,0.38648050418753443
2123,2,0.38620158209461564
2124,2,0.3859904047297778
2125,2,0.38576712514807554
2126,2,0.38556105264858886
2127,2,0.38536413371798628
2128,2,0.38514409091083307
2129,2,0.38490968362222155
2130,2,0.38467284854712314
2131,2,0.38438880668832504
2132,2,0.38413977874242933
2133,2,0.38382382802213572
2134,2,0.38352614445391653
2135,2,0.38322822159812531
2136,2,0.38287158755671569
2137,2,0.38256722939261084
2138,2,0.38226184130733987
2139,2,0.38192689359674437
2140,2,0.38159079164928217
2141,2,0.38134478359660595
2142,2,0.38112798222330374
2143,2,0.38094943772525042
2144,2,0.38073264974686033
2145,2,0.38054299537950853
2146,2,0.38035569156298615
2147,2,0.38017508991053794
2148,2,0.38003158921497093
2149,2,0.37976724480044011
2150,2,0.37957137002068631
2151,2,0.37928686998644445
2152,2,0.37898175915967214
2153,2,0.37874330319850236
2154,2,0.37834130507612074
2155,2,0.37793706020486617
2156,2,0.37749483949118601
2157,2,0.37701691581505697
2158,2,0.37650059973733224
2159,2,0.37601730908502884
2160,2,0.37551033083206703
2161,2,0.37497889602691409
2162,2,0.37446891943907212
2163,2,0.37390112745683601
2164,2,0.37339386015013376
2165,2,0.37283843791886373
2166,2,0.3723024032567997
2167,2,0.37173298130831944
2168,2,0.37121332546009045
2169,2,0.37070560531581015
2170,2,0.37023744930259311
2171,2,0.36974355287490357
2172,2,0.36933786188513035
2173,2,0.3689313779206187
2174,2,0.36854916341179234
2175,2,0.36830302956231237
2176,2,0.36801747652278022
2177,2,0.36785319980288395
2178,2,0.36775299751081891
2179,2,0.36766828107260002
2180,2,0.36767192286780626
2181,2,0.36774063888094932
2182,2,0.36785505754488751
2183,2,0.36796152418981276
2184,2,0.36809159123003915
2185,2,0.36823238901435978
2186,2,0.36840402741281425
2187,2,0.36844348285381251
2188,2,0.36852601192193224
2189,2,0.36845521475164078
2190,2,0.36845219097527077
2191,2,0.36834464553871799
2192,2,0.36821817565326947
2193,2,0.36796627090743705
2194,2,0.36774613034939202
2195,2,0.36742441944693677
2196,2,0.36702676144786955
2197,2,0.36670302658933962
2198,2,0.36627553592198575
2199,2,0.3659106775096207
2200,2,0.3655667035251734
2201,2,0.36523293617019953
2202,2,0.3648973595436133
2203,2,0.36463922746644828
2204,2,0.36433470630594506
2205,2,0.3641403822530363
2206,2,0.36390897075149847
2207,2,0.36385593251698278
2208,2,0.36378500551600546
2209,2,0.36376438004482137
2210,2,0.36371613170152961
2211,2,0.36376951586690398
2212,2,0.36386047686997464
2213,2,0.36399879579884514
2214,2,0.36409177930616055
2215,2,0.36426508610548197
2216,2,0.36441346530681368
2217,2,0.36463551061292615
2218,2,0.36492094524362717
2219,2,0.36513148362589043
2220,2,0.36543014027296694
2221,2,0.36572989725372501
2222,2,0.36602496912520993
2223,2,0.36633273250783394
2224,2,0.36667771326529996
2225,2,0.36698912426554925
2226,2,0.36725395090484181
2227,2,0.36762728491132918
2228,2,0.36797693330646325
2229,2,0.36830101232675472
2230,2,0.36868159440157516
2231,2,0.36905103811132012
2232,2,0.36937918677686704
2233,2,0.3697457574682334
2234,2,0.37007306370311044
2235,2,0.3705337310839974
2236,2,0.37100592156934631
2237,2,0.37150199602656114
2238,2,0.37200753557127142
2239,2,0.37263133269780341
2240,2,0.37324461613499288
2241,2,0.37398209738787985
2242,2,0.3747779593560055
2243,2,0.37549361078550675
2244,2,0.37621642260452026
2245,2,0.37695534625792348
2246,2,0.37761596366584615
2247,2,0.37826340487771981
2248,2,0.37869602070525921
2249,2,0.37909611591500175
2250,2,0.3793057619463906
2251,2,0.37953456777932953
2252,2,0.37958212582753709
2253,2,0.37962658649969433
2254,2,0.37945280438392048
2255,2,0.3793093787038711
2256,2,0.37902323565419843
2257,2,0.37872339857208703
2258,2,0.37841534149789008
2259,2,0.37810390896420787
2260,2,0.37780470173756586
2261,2,0.37753907790596125
2262,2,0.37720546002772987
2263,2,0.37690032441456289
2264,2,0.37658823417567844
2265,2,0.37628349097521702
2266,2,0.37614056123060507
2267,2,0.37598192251498852
2268,2,0.37588952150536353
2269,2,0.37581246509379201
2270,2,0.37574633033876004
2271,2,0.37559790565675888
2272,2,0.37548449144489165
2273,2,0.37528976635952033
2274,2,0.3750314201072884
2275,2,0.37462827771187007
2276,2,0.37414442734753345
2277,2,0.37359702898485886
2278,2,0.37292310551010527
2279,2,0.37213746052678764
2280,2,0.37124044033417192
2281,2,0.37044521465856267
2282,2,0.36951621577311566
2283,2,0.36863593480977797
2284,2,0.36780816520364235
2285,2,0.36698920320773759
2286,2,0.36621459108759441
2287,2,0.36548505831172357
2288,2,0.36475364245125086
2289,2,0.3640690327247863
2290,2,0.36343220720757929
2291,2,0.36281034770741577
2292,2,0.36225662627909005
2293,2,0.36174964005595972
2294,2,0.36132127803338754
2295,2,0.36084775792296853
2296,2,0.36040559703087732
2297,2,0.3599202653214324
2298,2,0.35967450377800614
2299,2,0.35937718896502463
2300,2,0.35911850454738703
2301,2,0.35900111968973197
2302,2,0.35885730091046791
2303,2,0.35872832838751628
2304,2,0.35863259498213695
2305,2,0.35855988697724422
2306,2,0.35865451237974122
2307,2,0.35872829676569484
2308,2,0.35890701329175489
2309,2,0.35920875691251131
2310,2,0.35958855397862616
2311,2,0.36011920758482369
2312,2,0.36073500587884449
2313,2,0.36150494693908658
2314,2,0.36229312877136405
2315,2,0.36319252401842411
2316,2,0.36416969531599508
2317,2,0.36507198798167317
2318,2,0.36609022583390577
2319,2,0.36700373736426034
2320,2,0.36784708731750931
2321,2,0.36853032891724119
2322,2,0.36909646339582936
2323,2,0.36951460433394012
2324,2,0.36988506584690189
2325,2,0.37014546849601287
2326,2,0.37028318970789681
2327,2,0.37029256985696979
2328,2,0.37032607865827533
2329,2,0.3702717258911612
2330,2,0.37019702592825066
2331,2,0.37006104349956076
2332,2,0.36987394432374782
2333,2,0.3696473140696927
2334,2,0.36944341938769332
2335,2,0.3692122757237814
2336,2,0.36904763147779607
2337,2,0.36889923630989374
2338,2,0.36866689502360861
2339,2,0.3683767114643407
2340,2,0.36806367621119274
2341,2,0.36773539190502602
2342,2,0.36725295373956607
2343,2,0.36674341324322202
2344,2,0.36619279841322738
2345,2,0.36558916505942063
2346,2,0.36500506446557573
2347,2,0.36439738712142428
2348,2,0.36375856425978892
2349,2,0.36316882371180925
2350,2,0.36259230856737035
2351,2,0.36203615394774119
2352,2,0.36163601703258852
2353,2,0.36126650772837415
2354,2,0.36107312004513609
2355,2,0.36096584791461939
2356,2,0.36104997371462472
2357,2,0.36127944201059253
2358,2,0.36156608397898499
2359,2,0.36199160982111744
2360,2,0.36246273457357464
2361,2,0.36289385105197958
2362,2,0.36333499455898949
2363,2,0.36383546413525358
2364,2,0.36418141614019839
2365,2,0.36457027406198855
2366,2,0.36484387456802608
2367,2,0.36506089092152222
2368,2,0.3652512587416577
2369,2,0.36530859112453057
2370,2,0.3653760294260428
2371,2,0.36532484673752808
2372,2,0.36534348982711951
2373,2,0.36528709856313524
2374,2,0.36522026093506799
2375,2,0.36514849048659381
2376,2,0.36510600635493617
2377,2,0.36505162940040981
2378,2,0.36495806946552806
2379,2,0.36484020898917424
2380,2,0.36475358153021825
2381,2,0.36463346119849149
2382,2,0.36444821175909264
2383,2,0.36428169707672592
2384,2,0.36411850795130013
2385,2,0.36393510775499571
2386,2,0.36377390066637122
2387,2,0.36361243418284678
2388,2,0.36348238837862784
2389,2,0.36332752286006831
2390,2,0.36329024756585437
2391,2,0.36323178578333165
2392,2,0.36317110353352844
2393,2,0.36308790820428566
2394,2,0.36314358903010963
2395,2,0.3631670817182826
2396,2,0.36329207283087922
2397,2,0.36339482073389118
2398,2,0.36367163299343114
2399,2,0.36394488578179673
2400,2,0.36420589006555082
2401,2,0.36458521722796683
2402,2,0.36489892790438017
2403,2,0.36523611001937772
2404,2,0.36576634273412678
2405,2,0.36627545892517277
2406,2,0.36693984515850908
2407,2,0.36760209741627792
2408,2,0.36831728643148043
2409,2,0.36919316523551426
2410,2,0.37000602962786244
2411,2,0.37087839180085808
2412,2,0.37183334859952638
2413,2,0.37265571586960344
2414,2,0.37342459923463645
2415,2,0.37415107551236182
2416,2,0.37463834406479524
2417,2,0.37504528325098652
2418,2,0.37536352864910338
2419,2,0.37558411521227364
2420,2,0.37580476359468651
2421,2,0.37590977730081926
2422,2,0.37597697366804372
2423,2,0.37601344189181479
2424,2,0.37599525889254393
2425,2,0.37604373160377991
2426,2,0.37603326550832805
2427,2,0.37595311303931317
2428,2,0.3758587079317029
2429,2,0.37564982681295589
2430,2,0.37553956230579655
2431,2,0.37536300260641992
2432,2,0.37509816156117948
2433,2,0.37493140351438031
2434,2,0.37474700580249559
2435,2,0.37463135963674088
2436,2,0.37460719114354624
2437,2,0.37438622216832335
2438,2,0.37402880783710069
2439,2,0.37371917226577306
2440,2,0.37352829197485982
2441,2,0.37330785011298956
2442,2,0.37325389405000903
2443,2,0.37326657188623935
2444,2,0.37313688669088202
2445,2,0.37312927309106619
2446,2,0.37324810916836104
2447,2,0.37325201485156884
2448,2,0.37334590888669589
2449,2,0.37343247444875588
2450,2,0.37353367279827887
2451,2,0.37388374417681286
2452,2,0.37420374535570089
2453,2,0.37455471777027755
2454,2,0.37480416363160357
2455,2,0.37496231564287291
2456,2,0.37505462801170403
2457,2,0.37513931794229805
2458,2,0.3752798781516728
2459,2,0.37540803569886805
2460,2,0.37551728478216712
2461,2,0.37564536017319444
2462,2,0.37574235843962939
2463,2,0.37581858471273333
2464,2,0.37592988594936572
2465,2,0.37623227652271063
2466,2,0.37636256770770471
2467,2,0.37639009681929764
2468,2,0.3765789496280797
2469,2,0.37667256405048288
2470,2,0.37690115614023922
2471,2,0.37743546422625146
2472,2,0.3777549284615665
2473,2,0.37803498387651385
2474,2,0.37842910666933222
2475,2,0.37900879084507955
2476,2,0.37940164805858978
2477,2,0.37974428405662625
2478,2,0.38005259087492721
2479,2,0.38015578521862725
2480,2,0.38027057444070306
2481,2,0.38043316836832686
2482,2,0.38055456848861341
2483,2,0.38055033452497072
2484,2,0.38045474865939144
2485,2,0.38018877487534175
2486,2,0.38009324644119358
2487,2,0.37982745590135003
2488,2,0.37980220186533142
2489,2,0.38001815731629374
2490,2,0.38004208616672913
2491,2,0.38025757290853129
2492,2,0.38015954080352166
2493,2,0.37984216177806057
2494,2,0.37967818597789177
2495,2,0.37927099282067067
2496,2,0.37893008728061606
2497,2,0.37891687511201366
2498,2,0.37928355280565296
2499,2,0.37921236225758553
2500,2,0.37899541206585541
