Total Alkaloids,Reducing Sugars,Total Sugars,Total Nitrogen,K,cl,pH,Starch,Neochlorogenic Acid,Chlorogenic Acid,Cryptochlorogenic Acid,Scopoletin,Rutin
3.327212882,12.84335415,15.61604989,2.412586884,2.137245048,3.025999382,4.95,4.921536394,1.901508794,9.778084547,2.644503281,0.28581198,10.57787722
2.637426064,14.48668238,17.00847146,2.209486931,2.191028958,4.435640537,4.93,4.821930852,1.806490131,9.445028471,2.59709159,0.280022984,8.459204776
2.475901327,18.50151869,20.66633691,2.053691755,1.838669336,3.44944821,5.11,7.367775465,1.786024045,11.28460315,2.620401513,0.282282654,10.75606537
2.564193947,20.76779823,23.51358112,1.971490618,1.618034396,5.772480674,5.035,7.121109179,1.784264414,10.65703235,2.62596618,0.200412922,9.545334524
2.312274497,13.50274686,14.93592681,2.151816604,1.95979525,5.187806189,4.81,5.960115486,1.206994715,7.266761622,2.05228097,0.365968857,6.232285303
3.102492226,10.70460142,12.40420762,2.249933095,2.056219145,3.576657658,4.925,4.278924007,1.383632291,6.606165358,2.000337328,0.258842533,7.446422641
3.043598706,13.18366683,14.36901827,2.220827831,2.054715808,2.781194358,4.975,4.49640152,1.64016348,9.02995502,2.24781777,0.289247107,9.513497506
3.212026335,13.58290742,15.67692752,2.173805472,1.967048117,3.033080969,5.005,5.730396596,1.493729016,7.832422594,1.97469564,0.27646529,9.431343076
3.363050664,12.80741293,13.76075655,2.65721432,2.10902051,6.19509471,4.65,3.658797154,1.381464713,8.076326878,2.281389818,0.499752123,6.392072744
3.28182772,14.69315347,16.86445213,2.453128786,1.891845161,4.118425415,4.76,3.670757524,1.559119648,9.439402597,2.437325267,0.433589595,7.723151949
3.36654559,12.98756264,14.6629702,2.634624771,2.013822104,6.145693547,4.75,3.807817972,1.335931607,7.973220599,2.197919708,0.452761322,6.749161377
3.569703466,13.78057059,16.18109941,2.547870566,2.047833191,4.545102454,4.885,3.268482459,1.691120242,10.21945742,2.589954465,0.349259676,8.395896954
3.518377401,15.36351837,17.1585106,2.496972759,2.147247421,4.351081179,4.695,4.039248766,1.536782775,9.550743343,2.40419205,0.333458377,7.557323376
3.318586034,16.42014967,18.82126378,2.545942183,1.82603712,5.956573076,4.89,4.616529552,1.410405796,9.390469726,2.262174267,0.355276105,8.210549148
3.879206185,15.33880852,17.36608286,2.586769282,1.932861745,6.599318686,4.775,4.48553416,1.59338831,9.70579424,2.472364573,0.356214181,9.760829996
3.096991091,14.65375418,16.72700835,2.453870419,2.341554676,6.845822568,4.925,3.422613514,1.96214377,10.04659014,3.165082281,0.342231476,8.681249919
2.773186902,15.04632527,17.71960638,2.39602561,2.332298574,7.504687975,5.0625,3.099156327,1.870890151,12.08897591,2.908885178,0.406053238,10.51610306
3.242877883,14.84688133,16.92163796,2.646827346,2.140313232,6.946713716,4.98,3.130892299,1.867245384,11.02716171,2.819430464,0.440744057,9.95547659
3.412447686,17.46734094,20.51484802,2.430726253,2.080442491,3.702682932,4.89,4.285722106,1.741688758,13.09843601,2.64277417,0.215243721,10.52338375
3.573308388,14.39154696,16.69668579,2.647339873,2.170753514,5.742912054,4.91,3.759547651,1.691517826,10.39180943,2.541216484,0.34510553,9.457870873
3.728854338,14.71952453,16.59412001,2.625295076,1.924166389,6.738238058,4.78,4.137172613,1.498559231,10.08012028,2.30517287,0.379377814,9.961915979
3.469220753,15.99651184,17.6851883,2.627948956,1.942396715,7.938298165,4.795,3.985564581,1.480903471,9.218595556,2.401385372,0.514215431,8.230085843
3.403934532,14.56044071,16.96324588,2.473935615,2.30810902,4.320321643,4.825,3.415194263,1.777146844,10.50344746,2.796745578,0.317100219,9.079407269
3.920832346,15.34706053,17.84634676,2.72549865,2.14515478,7.428101769,4.865,3.484112313,1.670730809,10.14638521,2.706170307,0.365254015,9.369298033
3.584512326,16.22430462,18.94200282,2.575705694,2.054197921,5.656448329,4.8,4.869960881,1.485286889,10.26992691,2.271504622,0.271552865,8.657755683
3.325100356,14.96093332,16.44958428,2.686586592,2.173134982,5.942620517,5.04,3.233288372,1.880683651,11.48906933,2.815224864,0.485415325,9.883058209
3.466956535,15.32661271,17.11721928,2.467859244,1.947320715,4.99529921,4.94,4.07444692,1.660101641,10.47949174,2.547504424,0.365312671,8.791638544
3.431798128,14.06959497,15.482309,2.681075298,2.353585198,5.559615524,4.7875,3.023506613,1.615039467,9.051506154,2.455847592,0.456429919,9.57736327
3.380741492,13.93581995,15.41682761,2.65196783,2.404539015,4.624415915,4.915,3.285728594,1.779764745,10.57945329,2.778765413,0.451736665,9.413616609
3.498656007,13.02682348,14.16264165,2.635404542,2.291539013,6.022611543,4.79,3.507080755,1.576424203,10.03469221,2.544574202,0.519398099,9.783503325
3.637252917,13.54656186,15.46966301,2.689287305,2.307387367,6.57101732,4.98,2.898914408,1.988779698,11.48692018,3.140562614,0.378974046,10.66153061
3.728583286,14.9622795,15.99092671,2.650752206,2.167777085,6.459877505,4.865,3.700153291,1.633356111,11.01882208,2.459550955,0.398432823,9.27781648
3.540989213,16.18101748,17.57229086,2.663054559,2.153657861,5.35416672,4.88,4.056563229,1.578300045,10.4230327,2.444445893,0.382428266,8.77296568
3.59074043,14.19837503,14.96855082,2.754358249,2.122057502,6.929215066,4.895,3.364227035,1.53788705,11.72030976,2.474298062,0.518966302,9.554021992
3.631257458,14.73907921,20.18890217,2.60830483,1.897590969,4.598165916,5.155,4.046973208,2.049810173,11.37720956,2.930798634,0.201033774,10.82523517
3.948818367,12.52594186,14.36134232,2.779154294,2.333037768,6.051836367,4.88,2.932012203,1.798082811,10.08976393,2.752162741,0.45572744,9.814026666
3.923981896,13.99088411,16.53947634,2.806048002,2.29730239,4.338902698,5.03,3.315399053,1.995236109,10.37728346,2.854752546,0.281117689,11.02125956
3.235094295,15.6625807,17.8004782,2.466877345,2.238893823,3.339556734,4.775,3.62012913,1.718905899,10.22952441,2.734204191,0.373564631,8.483555812
3.219929504,14.01104311,16.49203127,2.503742843,2.452309149,5.134465446,4.915,3.606989996,1.743085599,10.64604353,2.667103222,0.421724758,9.120817831
3.277598604,12.77972614,14.4278555,2.642535109,2.278926172,5.993093058,4.8,3.431929569,1.532705168,8.987266688,2.429594578,0.505751919,6.943384279
3.201698407,14.81778146,16.86674438,2.558921628,2.200937282,6.193062697,4.92,3.111921505,1.677885828,10.55769526,2.681620874,0.458081928,8.608228969
4.44790151,11.86445964,13.57512393,2.883756214,2.150607846,5.312830084,4.86,3.07898271,1.644227455,9.628933422,2.424594949,0.475305098,9.997018889
3.322049488,14.52484037,16.30011141,2.481279905,2.312571375,5.106668855,4.92,3.244675389,1.729992694,11.01373795,2.81734112,0.436075617,9.846329367
4.134426761,13.54513925,16.34149265,2.628457623,2.240845991,4.005318252,4.87,3.79930229,1.614409447,10.3522158,2.404861596,0.270211471,10.11588905
2.981873844,16.40951606,21.1504011,2.377775831,2.335674855,6.584750003,5.18,3.980220367,2.100410124,11.37455859,2.994411072,0.218396861,11.29537763
3.612728789,14.51817207,19.08720073,2.58716688,2.102771361,5.034531861,5.13,4.069478352,1.977316723,11.02202856,2.812188906,0.248664419,11.09753202
3.313412949,17.0568797,20.4142946,2.471663149,1.953113161,4.804036584,5.005,3.967681038,1.930694825,9.995223542,2.870281392,0.250827971,10.40501339
3.425423048,16.51400984,18.55185197,2.538164378,1.826070069,6.415212982,4.89,4.123678241,1.394749783,10.29379673,2.271189036,0.398626097,9.034162911
4.14322127,13.24467475,15.5989144,2.871026328,1.996895468,6.320245053,4.905,3.142528678,1.582971298,9.753905767,2.456402777,0.459632448,9.761634332
3.828702175,15.8995949,18.44611544,2.598016465,1.926089938,5.20777864,4.925,4.264167186,1.513557908,9.470432569,2.401590525,0.322821804,9.568768432
3.067416964,14.28462253,15.63627926,2.457232949,2.122263332,7.157594781,4.625,4.384827137,1.323246901,8.691787671,2.284235444,0.475489198,6.628999612
3.762889705,12.3653702,14.01175556,2.57039879,1.765844423,5.415018254,4.82,3.010900014,1.468310459,9.494612857,2.605547446,0.393504344,7.752230459
3.619511772,13.65642794,15.3720877,2.614966675,1.851611922,5.366639138,4.745,4.013125686,1.202399325,8.2390677,2.008865678,0.359443485,7.458247351
2.925029509,16.58992005,18.42212293,2.318847285,2.140286149,4.708265957,4.91,3.862597937,1.65862718,9.041869623,2.816147064,0.329130426,7.984526668
3.336547163,9.438654581,10.56012522,2.720228866,2.462975164,5.826892082,4.755,2.997526554,1.200937137,6.61712495,2.036425189,0.64207438,6.028298006
3.292905648,12.44939877,13.6746717,2.722652637,2.137468771,6.662405726,4.74,3.64251415,1.192846428,7.958100069,2.049650323,0.603655427,6.376611151
3.557196546,10.79053094,11.78382008,2.547667744,2.05090761,6.206230301,4.7,3.580012422,1.152393198,6.395166799,1.973533209,0.733622142,5.064699908
3.276018527,16.03615279,17.63971891,2.338441925,1.967088394,4.378944055,4.765,4.524282814,1.345049779,8.897913402,2.229386967,0.35560218,6.864384405
4.355165839,10.56178577,11.650022,2.897760594,2.178498649,5.876670917,4.77,3.381214783,1.247188966,7.704371441,2.144870705,0.543981133,8.047778159
3.133824934,14.73451018,16.0394791,2.512743115,2.317263225,4.930581977,4.815,3.467019523,1.457540958,8.791174097,2.555501418,0.387528361,7.306369028
3.584950828,14.60193525,16.53958506,2.431834965,2.188519126,4.166168638,4.8,4.298656468,1.467147164,9.184460687,2.483612238,0.283683753,7.946488572
2.109164288,23.19438763,25.2591729,2.088223364,2.111826495,2.130023986,4.925,4.629696674,1.409185068,10.05938629,2.317516044,0.200539391,7.043365419
3.75616147,13.29443952,15.18759526,2.623000641,1.928307484,4.764887174,4.885,3.135254891,1.365132782,9.54521007,2.238969393,0.479500973,8.435132567
3.725391172,10.87534041,12.62788382,2.653417534,1.984696475,4.612003967,4.775,3.180394526,1.233710842,8.217369599,2.017285941,0.542257158,7.682719074
3.83248146,11.5513248,13.44956861,2.545869669,1.902084825,3.514379274,4.84,3.034384762,1.561282732,8.849314164,2.620305313,0.385488717,8.020874613
3.797775976,12.8210998,14.99485231,2.553046471,2.102031828,4.309557104,4.745,3.610478955,1.458204707,8.917900228,2.351459405,0.341707181,8.143916635
3.361275602,12.59055637,14.45146161,2.547130558,2.202112996,4.371887003,4.84,3.326574078,1.582465148,8.897497566,2.592766866,0.355104136,7.862498149
3.000904402,14.93547897,16.53601584,2.461891716,2.264714085,6.149247974,4.845,3.238134232,1.518541282,9.448554191,2.698906495,0.494663663,6.98377815
3.380789885,13.94699022,15.12228281,2.670186728,1.983362337,6.63501092,4.8,3.300751423,1.327595426,7.806708994,2.266307406,0.498579101,6.856616494
3.418007056,11.48544196,12.76332416,2.564034839,2.377646288,5.861047448,4.85,3.087716702,1.624246311,8.086730325,2.728663935,0.525417358,7.698474889
3.37314024,14.29277423,16.21337055,2.578115364,2.19713738,5.899469333,4.915,3.218669275,1.631203523,10.23997766,2.670627586,0.508480302,9.014136513
3.225418405,15.59619546,18.63635514,2.385344817,1.859513702,5.570915069,5.065,3.721553322,1.80177222,9.574433745,2.792604251,0.265161681,8.895350303
3.588337093,13.7919357,16.29548619,2.686452023,1.949707224,6.146076197,4.895,3.367632668,1.377320927,9.880347971,2.281105005,0.436129678,10.05513544
3.672651668,13.76459135,17.1146482,2.657132297,2.189934952,5.608303062,5.005,3.408981645,1.696184929,9.915356644,2.537730623,0.326116365,9.590380312
3.199249202,12.32507425,14.45242438,2.59017948,2.319368027,5.205407832,4.845,3.006255445,1.505970655,8.920990491,2.476625308,0.44228365,8.148270435
3.595583167,15.27096724,17.64884608,2.539659913,2.04098255,5.483627227,4.89,3.779496052,1.399877695,10.15235271,2.340649829,0.28933465,8.230073748
3.880882054,12.28457887,13.69420582,2.689986482,2.118933674,5.559859154,4.86,3.035126766,1.498760447,9.01599568,2.520002124,0.498075757,8.308537461
3.268035004,14.78701755,17.9456261,2.528555894,2.063717265,5.209959832,5.035,3.603496105,1.748288566,9.863338539,2.83376587,0.325375585,9.36731623
3.462360601,14.6044076,17.2306775,2.572295461,2.11046568,4.129129423,4.935,4.210936695,1.745728897,9.402663024,2.627200971,0.312640345,9.644945926
3.967023676,15.82463065,18.69490963,2.592862187,1.850602428,3.742356652,4.9325,4.322876902,1.765103616,10.34597665,2.603999349,0.339756045,10.37037739
3.269678534,12.10457982,13.93464289,2.591059734,2.471362843,6.241300023,4.925,2.699593573,1.905702614,10.05484172,3.102059199,0.408462646,9.764388039
3.560790278,13.95217784,17.56191464,2.56685442,1.937775634,4.877445251,4.98,3.902981532,1.660142148,9.426788386,2.62963429,0.25875893,9.458181857
3.549203846,14.10380138,17.19292416,2.51018444,1.975625266,5.524937275,5.03,3.819742489,1.700236509,9.72333753,2.684278416,0.28037571,9.599041985
3.504542023,15.64981296,19.8673814,2.476051176,1.970567136,5.16392663,5.055,4.4042006,1.747928353,10.44400423,2.666822898,0.231225247,10.41119084
3.65993286,15.10388129,18.47227672,2.709532347,1.682254588,4.857386609,4.96,4.098639661,1.864067793,10.45112185,2.785018354,0.233643813,9.839871932
3.436898203,14.31907688,16.41866198,2.55933934,1.942784835,5.929003885,4.96,3.952159906,1.705054439,9.360113135,2.488908627,0.296571489,9.250436298
3.636486666,11.87829361,12.42479129,2.856128182,2.187732756,6.33985635,4.64,3.156974875,1.317819939,7.931602776,2.082511372,0.684766492,6.616023946
2.823702353,14.36936875,16.55318984,2.48837264,2.334992572,7.533639745,4.95,2.816910943,1.879192642,11.39885285,2.9487518,0.421017355,9.69665713
3.714487427,13.49960344,15.10013992,2.496734752,2.244912891,5.219949192,4.7,4.460703661,1.364275757,8.429821593,2.144484652,0.45028993,8.510845534
2.883616154,14.23118852,16.0988562,2.497332261,2.539325428,8.72253071,4.81,3.603885402,1.657190355,10.06632821,2.648274155,0.406733439,8.437801932
3.497885152,11.74840005,13.15948176,2.786266247,2.712871065,7.335342672,4.78,3.045133912,1.714474854,9.149441891,2.606443701,0.524543478,9.260833014
3.102823532,13.34665787,15.4190881,2.659962027,2.384666795,7.032901245,4.89,2.921065611,1.735929991,10.42189929,2.715144019,0.467444149,8.669645582
3.170052163,13.51910045,15.72723632,2.401086459,2.130072172,5.753277032,4.87,3.088379758,1.629540918,9.008175966,2.512407543,0.364223489,7.459115154
3.186801271,13.48180958,15.39822591,2.45175282,2.037634259,3.820619477,4.92,3.104319224,1.773542299,9.379193918,2.654921218,0.33824489,8.66292221
3.4796052,14.68861395,17.22215809,2.424788606,1.924244967,5.936178216,5.015,3.584035117,1.44754717,9.877350544,2.234665122,0.312981158,7.904102997
3.336380263,14.2830895,17.90678641,2.321976505,1.987464386,5.264889877,4.99,3.462164312,1.672054456,10.62435846,2.514259892,0.241804377,8.267304592
3.644936291,14.1640416,16.17167294,2.43220424,1.898880883,6.492412243,5.005,3.243047475,1.480225499,9.896366789,2.218930852,0.324286756,9.062753271
3.511101601,15.25263085,17.30638266,2.272335693,1.861733775,4.809615384,5.005,3.775358803,1.547718274,9.90464169,2.333392474,0.289924139,8.407722726
3.616779999,11.36911236,13.37554953,2.357970029,2.15696756,5.112379061,5.035,3.083775689,1.478745974,9.43577282,2.147393662,0.407714056,8.767212268
3.365699643,16.370527,17.92117994,2.186339354,2.011626878,3.055232452,4.84,4.52239934,1.563589056,9.143471393,2.225277931,0.299179655,8.993487608
3.075649236,15.55222021,18.10748069,2.31602769,2.181151369,3.662141511,4.9,4.131485454,1.64096433,9.757671299,2.441845014,0.2989455,9.230276318
1.528228869,20.99040277,22.91053896,1.818568224,3.273100751,5.522703528,4.94,3.905219684,1.366784683,7.23861466,1.893697427,0.25813381,4.715933986
3.604818702,15.97105727,19.78983377,2.276959729,1.741449612,5.409521547,5.11,4.190946965,1.492848585,10.88492565,2.280833916,0.285984631,9.851724165
3.683958982,16.31305821,17.69761765,2.407903258,1.601238767,6.919785309,4.875,4.989997742,1.356953289,10.10269724,2.020362254,0.383298604,9.420953733
2.943910619,15.60554043,17.37365935,2.34028355,2.126562886,3.955813418,4.835,3.474691473,1.434928896,8.776276132,2.27077969,0.374488737,6.869094525
3.152329512,15.34545777,16.15248553,2.308466762,2.141844682,8.610844147,4.8,3.545939919,1.518565021,8.716588088,2.337052484,0.367938509,7.422806309
3.229030179,12.63167829,13.53918391,2.388504219,2.019456943,5.000105036,4.72,3.916724447,1.159770708,6.99506566,1.794301712,0.468596944,6.464948066
3.868282187,13.89841539,15.40277111,2.426612094,1.802292941,3.748089007,4.885,4.286085403,1.479356197,8.937540061,2.175464572,0.311126903,8.457868301
3.126720303,15.82107487,17.33296911,2.313308945,1.886923678,2.971288566,4.92,3.90008081,1.738984819,9.595197713,2.57150403,0.325879571,8.125156022
2.904596403,16.0772069,17.24508863,2.323909403,1.882262428,4.767798534,4.86,3.876777417,1.477011285,9.110463335,2.312319302,0.293706635,7.174982754
3.147705996,14.34577905,15.40434894,2.340466072,2.209993918,4.750903027,4.995,3.348373351,1.725296549,9.558044381,2.555332448,0.315625244,9.056578842
3.436472326,14.41734466,15.91618707,2.401978378,1.989713438,3.798436745,4.88,3.55149673,1.76250402,10.39744185,2.587200159,0.24433581,9.426676253
3.230425589,13.92205487,15.20624825,2.383525542,2.100192832,4.080313023,4.83,3.29773626,1.548991102,9.047219396,2.304082419,0.309170367,8.477022944
3.566993941,15.511088,16.61811766,2.468678497,1.924615583,3.418247501,4.79,3.295246392,1.578426304,9.540534595,2.341662122,0.277190679,8.836048574
3.257319111,14.51086153,15.55997636,2.413135729,2.294477964,4.63578709,4.84,3.687957783,1.592753657,8.769329697,2.4102801,0.37599125,7.538827256
3.264688701,14.06049436,15.38817662,2.362064054,2.082351884,5.882282814,4.855,3.272119288,1.629259639,10.06733192,2.449317985,0.311038192,9.884868845
2.792782739,12.14102308,14.04039213,2.592881596,1.900126584,8.267398627,4.745,2.589035536,1.510806101,10.94665837,2.440133026,0.454707467,8.240454787
3.391915882,13.77940718,15.12929929,2.480817953,1.872422782,5.629925172,4.82,3.54801611,1.459739199,8.448808413,2.293213777,0.405701222,7.839750123
3.314921888,14.5575037,16.70263319,2.351221457,2.252812812,5.166745722,4.91,3.949398649,1.728231623,10.09154875,2.526894488,0.244766142,8.430994168
3.329012703,14.3653465,16.31660848,2.420672402,2.365987395,4.346420352,4.86,3.720826393,1.573942526,9.849234804,2.355403238,0.242218382,8.441321227
3.625008003,14.35591742,17.11600877,2.434431581,1.942419788,4.985192325,4.965,4.132593469,1.396276361,9.137580516,2.173680803,0.326988227,8.760513542
3.690944092,11.39641737,13.46899979,2.565732276,2.066500795,4.447666068,4.94,3.267731801,1.598616219,9.188196522,2.384114527,0.323930573,8.001427951
3.171714231,14.71432627,17.49166842,2.488190512,2.338765829,5.780714277,5.005,3.298861251,1.656594608,10.23145608,2.472375846,0.3380996,8.99100505
3.548583287,14.66900609,17.72105313,2.45004073,1.922532235,7.168146356,4.96,4.231141856,1.533544922,10.68877152,2.268300538,0.309980496,9.521346002
3.029862901,15.23077607,17.68909122,2.283287142,2.242819437,5.376170965,4.995,3.404423181,1.671575937,10.65394366,2.623048765,0.301296863,9.339876704
3.481530291,14.23788182,16.23732304,2.39951095,2.009211059,5.51268215,4.99,3.062061134,1.692766796,10.08281261,2.555592119,0.388917726,8.994366799
3.77081107,13.18150907,16.64898202,2.334523159,2.167172685,4.283653472,5.045,3.19225307,1.698676289,10.96781586,2.420366237,0.223261434,10.48072417
3.417688811,12.31651922,13.43479755,2.763345324,2.481215821,8.832520715,4.865,2.899547623,1.654572653,9.339795319,2.666152405,0.457792292,9.849745889
3.476859809,14.66267874,17.16632779,2.483664091,2.294554778,4.239726736,4.82,3.872159071,1.654313512,10.0887036,2.651731958,0.253188513,8.725447633
3.278437071,15.49330794,17.4182299,2.486851071,2.081437309,4.533493497,4.855,4.098721078,1.524445332,8.961675208,2.401505259,0.316680961,8.241841276
3.654221359,14.55632771,16.37035512,2.644864979,2.262349441,5.190284124,4.93,3.460539853,2.01950662,10.9933932,3.142861133,0.349014134,10.66173874
3.414750821,13.92448788,17.23506658,2.689744462,2.230333359,5.68246042,5.03,3.516302405,1.885996976,10.52152357,2.767591472,0.360086193,10.75307456
3.440856969,15.92327555,20.62979718,2.486671142,2.069951258,4.003917717,5.135,3.957527612,2.163413709,11.75059618,2.993828874,0.237866024,11.70973813
3.220436581,15.54652041,17.08245315,2.474606066,1.976479593,5.420200115,4.93,4.166080818,1.445258541,9.564535539,2.319612707,0.386097929,7.730790368
3.884839807,15.91854631,20.20373424,2.625754843,1.84978136,5.412417515,5.1,4.011701639,1.948893586,11.05019388,2.759138653,0.250685731,11.84350559
2.450632583,16.76907114,19.20859465,2.082211075,2.291235693,5.421989634,5.03,6.597425208,1.306611152,10.42586829,1.89213375,0.335626229,6.765156733
3.621808657,11.39019227,15.9078417,2.731724249,1.796484302,4.47381278,5.15,3.315158328,1.998291913,10.17832485,2.888994021,0.237996103,10.69075364
3.176193766,15.71377549,17.88731232,2.622291516,2.313337805,6.298983224,4.92,3.375735435,1.657327925,9.973668992,2.572268108,0.350109609,8.595545399
3.769366548,12.89571308,14.95694875,2.591071222,2.233877898,6.4597814,4.87,3.729932276,1.480630878,9.855528486,2.324036803,0.39321857,8.465099092
4.001013917,16.00430519,20.28800537,2.750013005,1.950785172,3.833906261,5.035,4.414330299,1.946691352,10.82862288,2.659607856,0.284482831,11.55929473
3.496538004,15.32066113,17.59290588,2.605313663,1.998379892,7.110421785,5.015,3.872064383,1.612666882,11.1121957,2.4896374,0.354879007,9.824628814
3.152271023,15.04779189,16.4398857,2.461166779,2.029597319,7.802359579,4.875,3.960206165,1.551161638,10.40248357,2.510645191,0.406557964,8.47912514
3.776304435,16.70454659,20.58037646,2.715465877,1.77862512,4.577790846,4.99,4.797740086,1.717477572,9.788819187,2.390715931,0.272281188,10.5010739
3.458856159,13.37982463,14.90116738,2.504740216,2.048240656,4.852631079,4.895,3.37575213,1.608687617,9.936306708,2.616576939,0.462361758,7.900268979
3.028703051,19.88178038,23.89345993,1.863498594,2.262635925,4.750381771,4.76,5.264850929,1.22621641,9.39700564,2.046026657,0.259248021,7.051000346
2.907533119,18.77988135,22.35797118,2.008981252,2.681653447,5.707217018,4.95,4.333827733,1.695538793,10.45943187,2.617965906,0.244085175,8.189977994
2.706176207,20.99214833,25.76428965,1.89226089,2.427380878,2.609308952,4.94,4.10668937,2.029741854,14.39300798,3.336918928,0.184918797,10.98320362
3.444260088,15.88211186,20.2459561,2.21609968,2.404164505,6.451390565,4.94,3.522621165,1.519746526,11.16525712,2.421544749,0.248181117,10.82387956
2.650527305,22.88888872,26.21818417,1.770162964,2.427141379,8.664168691,4.845,5.231067899,1.238560824,9.666952724,2.051094506,0.222746806,7.233530231
2.302834482,16.39951031,18.47972738,1.951240132,2.969362572,7.684868541,4.99,3.44484914,1.819816058,10.01530661,2.808647567,0.342468278,8.014569581
2.409687427,22.8719064,26.38133546,1.777907648,2.402291486,5.343519413,5.14,5.739926384,1.807997028,13.85508968,2.706362271,0.208265207,12.09399452
3.204906911,17.25425263,19.61057623,2.226172635,2.647044713,2.89837588,4.97,4.766804848,1.44479931,10.85366037,2.133371357,0.312032902,11.62334503
2.817025034,19.84517045,25.65042474,1.851388407,2.442875957,3.340747787,5.095,4.459643249,1.999937208,13.91588159,3.115691562,0.143334997,13.27575357
3.212163057,17.84781998,23.19560512,2.057594664,2.49048654,3.600074038,5.06,4.129391692,1.91370262,13.08135427,2.90321652,0.179538863,11.28413947
3.172119425,19.2035739,25.71226231,1.959362512,2.322704329,2.558246406,5.065,4.641965028,2.042227383,15.03229942,3.301201501,0.145954768,12.99186086
3.697249056,16.66297786,20.51235249,2.22511149,2.661802289,6.909797625,5.015,3.969138996,1.506595411,11.82602687,2.370112515,0.221635254,11.4586792
2.299103555,21.3223279,26.11474548,1.820961991,2.718369789,1.799809305,5.22,4.396178617,2.456891437,18.47049071,3.917692039,0.178654914,14.00853056
3.663660758,16.71687137,18.64424072,2.267010317,2.564564889,6.772012492,4.79,4.498719638,1.06656798,8.532901994,1.75392753,0.312273793,9.180937536
2.127689366,23.87044407,26.50686716,1.758412867,2.338147604,3.247634017,4.845,5.33394455,1.54936551,10.64861389,2.486350356,0.219344237,8.291305374
3.546432856,13.70115063,16.48520599,2.350288999,3.093358632,5.977662311,4.98,3.157754112,1.234285995,9.61412372,1.930189401,0.30548823,9.581511169
2.473254678,22.40920511,25.71140903,1.798660703,2.276381537,3.447407147,4.835,4.880011717,1.762447334,12.2068197,2.936499256,0.196779244,9.379995948
2.856835088,20.42690187,25.04003064,1.888637479,2.413796779,2.672291273,4.92,5.001250772,1.808004484,12.8610521,2.871038997,0.210483898,10.14183468
2.567372467,20.58918188,23.6094976,1.922443453,2.541538922,4.625175719,4.79,5.36186194,1.321474805,9.837230715,2.158617679,0.371192218,6.764793129
2.568815086,22.09844413,26.62767581,1.769659997,2.40579809,2.971516259,4.995,5.508451962,1.903500837,13.01263728,2.970032666,0.178144369,10.25487466
2.670430357,18.38399609,20.67889944,2.017424204,2.662005371,3.534173285,4.705,5.023509071,1.350033098,8.613577311,2.19907998,0.431393851,6.519060065
2.930265725,12.2025986,14.12254465,2.330848472,2.631890449,3.723619856,4.67,4.755403034,1.072772129,6.531731797,1.635851075,0.572235525,5.916273988
3.074004114,19.3453667,22.97141239,1.987761244,2.420947284,6.248150026,4.935,4.668877895,1.540813665,9.703491764,2.404298175,0.253416094,7.988415373
2.978031003,18.86182299,24.51574494,1.953761278,2.140011109,2.548176111,5.04,4.660804482,1.962707115,14.77590647,3.184543857,0.166498328,12.67376878
2.139043743,21.04999106,24.47532028,1.817241332,2.659656588,2.285687929,5.055,3.974048972,2.316312129,16.96809612,3.756224817,0.288160134,12.36553651
2.258255018,20.16061459,23.74444549,1.866171373,2.528376028,2.393412386,5.01,4.31049416,2.13933631,15.22945796,3.441763307,0.300592069,11.28095563
3.581970438,16.12203365,21.50539394,2.174194925,2.299255347,4.544987754,5.015,4.375597935,1.633454893,11.67468361,2.545732093,0.182273649,10.88979762
3.279458072,17.78920909,19.94398233,2.227754902,2.591878116,4.990588313,5.03,3.898910234,1.564215131,11.12644861,2.355030765,0.296412305,10.42355471
2.651134304,20.02560713,22.08704073,2.048045261,2.570513903,3.571612085,4.97,4.960576739,1.596308861,12.52185864,2.559246012,0.2580689,10.79744453
3.02814276,18.43416277,21.869851,2.041287335,2.456982302,6.061550219,4.895,4.982537809,1.247553192,9.895029816,1.930932754,0.231760083,9.864964778
2.423086158,19.85926924,24.10869171,1.79481821,2.529986613,4.538586975,5.05,5.064546687,1.943209837,13.83277258,3.037856316,0.247207408,11.14088707
3.147469949,16.27857427,20.18760583,2.134565137,2.800951542,5.758828427,4.915,5.540805722,1.362695318,10.69384467,2.105478739,0.258877003,9.24658572
3.637102527,16.78865692,21.4135744,2.127406714,2.431422445,4.608037812,4.94,4.802737615,1.52425618,10.59861595,2.310379156,0.215300123,9.315493502
2.995763677,18.85238184,22.38603844,2.023518667,2.485037918,3.470439874,4.87,4.208822593,1.664123672,11.27873037,2.635579945,0.271162163,9.154040379
3.597121866,13.03028205,16.831053,2.363343911,2.791230379,5.152158535,4.92,3.847182665,1.270760241,10.26025781,2.030147932,0.311504788,9.934230995
3.888121578,14.87385095,18.05537082,2.269195152,2.618895021,9.481363389,4.9,3.893342899,1.144894269,9.818250248,1.861532575,0.30888011,9.0545194
2.172927221,22.22407371,27.03603623,1.780054698,2.397814589,3.46596906,4.95,4.650983971,1.92679794,12.26467256,2.980365684,0.182334948,9.249115696
2.20168166,19.68939653,23.15210684,1.930354731,2.763394493,3.083012594,4.94,3.68041701,2.07338781,13.91185671,3.398996272,0.279445257,8.909895624
2.115684056,22.99851534,26.56876424,1.692127745,2.445621834,3.865647944,4.9675,4.667817906,1.97556196,13.22324356,3.267416422,0.198895167,8.340632197
2.6398282,21.12346212,24.80376692,1.909986341,2.41577926,3.068609771,4.925,4.033098749,1.941187407,12.96677068,3.047119066,0.208555555,9.683285073
3.031822025,19.14677869,25.27025392,1.911878291,2.239709824,3.180669755,5.045,5.074230074,1.961398729,14.4650846,3.126589838,0.135731893,12.33236921
2.855067747,21.1846246,25.25135207,1.882236761,2.173300376,5.891663805,5.145,4.62259608,1.632108142,11.58454962,2.549473993,0.200799989,10.76153707
3.28675883,20.2395326,23.90204984,2.039816069,2.240632655,3.146251466,5.085,4.192528616,1.834251355,13.99021577,3.028009774,0.235819134,12.36078073
2.238765646,19.95114537,22.2795607,1.833123372,2.688707866,5.938850316,5.09,4.100317297,2.16466328,14.22132791,3.351838211,0.277238434,11.07362238
2.458927891,19.1845935,22.60351316,1.925559935,2.562550261,3.974693535,5.09,3.730520976,2.028173723,14.53400316,3.266271459,0.229337118,12.89392362
2.929069377,17.78096076,20.95668152,1.963020921,2.380186324,2.392682395,5.04,4.447668642,1.86657177,13.99652486,3.018952846,0.237168029,13.42340483
2.18289128,20.82177599,26.28421976,1.713207044,2.594758111,4.274004653,5.185,4.429297947,2.286871354,15.86334785,3.445643542,0.183329093,13.84117294
2.80202917,20.64298089,24.69814972,1.758405362,2.281862102,2.095135935,4.875,4.67583233,1.757980607,11.84221964,2.928330323,0.171202386,9.014911025
2.46176458,21.16373154,23.76709173,1.790843611,2.442171463,5.277452455,4.915,4.44588021,1.523598172,11.28620733,2.571132608,0.286002815,8.008774924
2.465227195,24.06189645,27.46714044,1.647395655,2.341046997,2.745287123,5.025,5.17182912,1.968043362,13.46578234,3.231879837,0.191107312,10.54168799
2.80446871,19.99230995,24.0231644,1.969692564,2.315425726,4.633579123,5.115,4.808445268,1.733495945,12.35945763,2.585627631,0.228911394,12.08003829
2.643873979,21.32133371,23.82643076,1.888215703,2.37809973,3.119544996,5.045,5.01824499,1.904962964,14.59228718,3.136831521,0.251893836,13.20283478
2.998385552,20.23833161,23.22201562,2.004655411,2.479762695,3.351918147,5.01,4.605084803,1.605194581,11.49100571,2.67971545,0.258899455,10.91107797
2.869774513,22.27563812,26.51742941,1.826002984,2.522050609,3.717531818,5.135,5.211749146,1.699461741,12.0383973,2.702001243,0.192351915,10.32942101
3.661277666,15.19981811,17.53058222,2.210691055,2.740332118,6.729021396,4.915,3.623102899,1.251741626,10.24381937,2.085838333,0.351373754,9.335683878
3.895148981,12.53106245,14.18985575,2.596582014,2.228535071,4.021696102,4.735,3.903906836,1.350562112,8.488030448,2.205552585,0.325160126,8.067828023
2.24881108,21.12283307,24.54468547,1.807966398,2.57863272,3.243695341,4.91,4.200495293,1.912345882,14.02113824,3.293338764,0.204806557,9.56490286
2.843649209,20.09688664,23.22289067,1.849916896,2.505469448,4.475047654,4.935,5.887243243,1.534682324,11.38157629,2.554189015,0.210710816,9.011692855
1.775571852,23.98150874,25.67503989,2.068082458,1.974057241,4.833235105,4.75,4.883527076,1.194203503,8.281718252,1.990483836,0.256951465,6.286438936
2.548598959,16.62414264,19.14902135,2.003488501,2.611905088,3.619218369,4.815,4.533412323,1.508595588,10.56862225,2.630736602,0.345510817,8.5514406
3.142954925,19.25681113,22.94793466,1.932503989,2.13322676,5.636699452,4.94,4.528548594,1.404580881,11.2934695,2.33332023,0.225554255,10.87544294
3.870258746,14.48007766,17.66557905,2.455791827,2.585765629,6.179243577,4.905,3.603923354,1.214098403,9.137006411,1.997653502,0.274098654,9.010213783
3.342781374,18.2834128,21.32309414,2.053042885,2.417198004,6.440579001,4.8925,4.190930555,1.324385756,10.01473069,2.164063385,0.281374144,8.377883521
3.247766701,18.77256156,22.16441466,2.011809001,2.360244088,3.283395863,4.995,4.112277369,1.227710078,9.653211461,1.972195807,0.234736126,8.675390713
3.087679273,17.68366399,20.80165588,1.951965329,2.343518662,5.718924664,4.99,4.590041841,1.342002727,10.667396,2.228904834,0.26512574,9.081071838
2.598954902,19.72529193,24.29197436,1.816982209,2.381757958,2.405727202,5.08,4.337210416,1.975126994,13.57450166,3.176990274,0.1589921,10.9059162
1.954534694,20.39081077,22.67835429,1.712630559,2.525926678,1.518964341,4.89,5.362231677,1.919347506,9.005881867,2.882881588,0.421073219,7.722843227
2.677203406,18.57665471,21.2151242,1.937622438,2.570487798,3.605153854,4.92,4.693774428,1.478569023,11.22688726,2.436423429,0.265977142,9.396572686
3.300215087,15.65386258,18.7732228,2.127513526,2.58640796,4.518286301,4.915,4.049612794,1.376703612,10.099227,2.257134736,0.292046376,9.098145661
3.012197807,20.66525887,23.55221453,1.93134535,2.466440499,5.575439603,4.995,4.452008836,1.567880682,11.50509207,2.563110162,0.276408732,10.15451893
3.127261483,15.10519062,17.725073,2.098278966,2.593295936,4.499869195,5.005,3.583877941,1.467515588,12.90672018,2.573941682,0.343002356,12.28151743
3.120509016,18.64376715,22.94467035,2.022958488,2.393779878,3.755140618,5.175,3.595315663,1.748042371,12.02510657,2.679204865,0.212166371,10.99075808
2.372840691,22.894903,26.34957298,1.802464794,2.562951108,1.674724749,5.025,4.464037132,2.290182647,14.9544058,3.56931652,0.213941409,11.99376794
2.936545283,17.5436526,21.35385937,2.030093896,2.527241719,4.757446481,4.955,4.062819238,1.580515395,11.64408294,2.532646417,0.2526699,9.670362392
3.003328692,20.55198966,24.5594086,1.955602687,2.331439539,4.442420639,5.0325,4.539044125,1.625201283,12.55372742,2.648425849,0.217233908,11.24972958
2.197632043,20.01006116,22.83023599,1.83971691,2.721136411,1.847177278,4.965,4.028614775,2.034075804,14.42953207,3.380847765,0.250474845,10.98530556
2.657800334,17.45322308,20.23212023,2.095341248,2.723198095,3.52031766,5.055,3.822685002,1.699565903,12.46434947,2.703271073,0.274509485,11.43848964
2.439163432,21.55987757,25.5690804,1.812833279,2.597331081,3.479756611,5.08,4.531091384,2.095033123,15.33564176,3.2035384,0.24437168,13.57714151
2.20540573,25.48626965,29.48742553,1.6392666,2.476114536,4.52787418,5.105,4.972274179,2.021565954,15.01488526,3.410944272,0.192164666,11.14365714
3.104380751,20.59944594,24.36943984,1.999000768,2.391934206,3.371928147,5.015,5.005755875,1.733199992,12.59109303,2.673420011,0.245470412,10.87954498
2.715809151,20.30145553,23.54013152,1.941615512,2.456837739,2.556889144,5.065,4.803083442,1.782224383,13.55996399,2.86430942,0.283359316,11.19686706
3.150213712,19.43868237,22.6913388,2.038540831,2.306656515,5.212298955,5.01,5.243546919,1.42251848,10.71929693,2.270089437,0.307102793,10.20252955
2.569839234,22.34582545,27.18100906,1.726082335,2.232092032,3.382974736,5.135,5.14849659,2.298831113,15.15365532,3.35199702,0.163754374,12.85063712
2.85536848,21.08003858,24.55853514,1.905443704,2.259816998,5.491227335,5.06,5.521127344,1.628476344,12.42658006,2.541693177,0.224774914,11.86208637
3.079987252,19.33821693,22.43067711,2.014494053,2.380073301,4.191870444,5.025,4.53268823,1.819175598,12.57899424,2.809628858,0.281695438,11.5664259
2.301959345,23.31589615,27.85625545,1.717963914,2.410219285,1.510449786,5.165,4.606058586,2.421298952,16.28407288,3.822270078,0.181768658,12.56486338
2.510208891,21.28060736,23.6218987,1.878472732,2.433986859,3.194846082,4.995,5.491917354,1.718185285,13.25832091,2.799506182,0.318062069,12.48543764
2.948887385,22.85633886,25.71641672,1.961234113,2.430462971,3.415455439,4.94,4.550557151,1.957182592,13.30398033,2.988301089,0.215268438,10.69079695
2.760864141,18.97227779,21.28166459,2.031971449,2.48200888,3.635368941,4.96,5.091050378,1.588276973,12.52898956,2.551884301,0.288378932,12.57986159
3.12800475,17.77420494,19.35742085,2.181496852,2.645015323,3.461123326,4.87,4.792029272,1.291802851,9.112591342,1.908274876,0.339086954,10.11748316
2.556485655,20.53633679,25.62578921,1.830057213,2.609559031,3.437685759,5.04,5.343784384,2.008115787,13.9905476,3.119217181,0.140976863,12.18623797
3.469915596,16.16008092,19.92638714,2.004966326,2.240881272,5.078049034,4.92,3.740419711,1.456474952,10.71164141,2.336347689,0.193207851,9.960222612
2.898813263,20.21454702,25.17818062,1.943694064,2.385502046,3.406463868,5.05,4.30765886,2.097215773,15.59057644,3.294809937,0.147633063,13.24251534
3.702782351,14.57705605,16.50729861,2.45447239,2.706429229,6.106280933,5.0,3.859694845,1.14128625,8.846606025,1.765950766,0.377414471,9.777796753
2.27668946,21.72236062,25.54197102,1.730737577,2.532163558,2.436582067,5.15,5.431991515,2.201236263,16.13565553,3.284189488,0.174824596,14.48372136
3.463818314,11.82352729,14.17451495,2.419353108,2.928313995,5.929395105,4.88,3.07378915,1.178434687,9.240585054,1.899880453,0.332768444,8.210377653
2.355039407,17.92480024,20.63114331,1.960698669,2.815597148,2.766007152,5.05,4.184143089,1.937492091,15.7093843,3.113892728,0.279084999,13.0740166
2.316497497,17.45740309,20.45652335,1.976160931,2.909156953,2.71624057,4.98,3.11193088,2.276381537,13.90705919,3.522974936,0.285572015,9.942319811
2.219054017,23.39676752,27.31441851,1.744015796,2.570471081,3.093359526,5.04,5.50201637,2.076012992,16.18257586,3.355934736,0.177402282,12.43093767
2.764228786,19.5044585,22.05924379,2.09935618,2.744582857,3.968118995,4.96,4.292611271,1.800000226,12.62072372,2.871836803,0.29395761,10.45687865
3.434347973,16.96817808,21.44874253,1.987586681,2.231332188,4.585946806,5.03,3.760255342,1.430525636,10.49213164,2.160120098,0.163964192,9.53961166
3.046192428,15.82812584,17.57880564,2.152447099,2.409788085,4.408179395,4.95,4.032848241,1.382849795,9.575703635,2.098238911,0.304973331,8.846325398
3.018201234,15.607546,19.37256524,1.974225676,2.371953563,3.646447658,5.0,3.94852007,1.58982172,11.78580998,2.36139331,0.169003517,10.91696576
3.1924167,17.22709331,21.06546652,1.941848731,2.255145365,3.189177582,5.0,3.633360115,1.62579203,11.12850083,2.445402495,0.182462203,9.119052028
3.204846502,16.57789875,19.71788,1.96814119,2.271541392,3.93699326,4.995,4.479271733,1.306686115,9.448876902,1.907033036,0.21957889,9.646252054
2.8524057,21.71138011,23.95203126,1.708004409,2.268087658,5.651105117,4.99,4.755063166,1.262323563,9.836519579,1.930990008,0.233161056,8.701685184
3.4342076,17.15764987,19.90428008,2.082277282,2.228464063,4.471177965,4.95,4.248520412,1.28054045,9.291159307,1.916436896,0.297432716,10.68221054
1.931789298,21.39713181,26.12633949,1.637347721,2.44353267,1.495372582,5.05,3.940168341,2.223307495,15.46895459,3.694309341,0.144043251,10.09997936
3.245070206,17.86619174,20.49169024,1.965348264,2.260799502,5.418392738,4.945,4.330713119,1.237105558,10.88153226,1.943109323,0.242187855,11.11355543
3.556706535,12.60306231,15.13390525,2.270846882,2.650129198,7.623218648,5.05,3.099555488,1.104405777,9.153844573,1.681441523,0.304264492,9.356228206
2.501823416,20.86868278,23.47846086,1.716769206,2.126901987,4.957837282,4.97,5.08553048,1.462560257,10.47276045,2.395763828,0.170390414,9.075033746
2.920980907,17.67150034,19.19922166,1.916045083,2.199898719,3.826544403,4.92,4.354104141,1.379169596,9.194765935,2.050586802,0.266295549,9.113570014
2.340759055,21.06081344,23.09160769,1.71214529,2.199711854,6.097005691,5.05,3.957910256,1.808532046,12.58817069,2.912936696,0.173088618,9.553019859
2.851004108,19.59929937,22.13971013,1.784160432,2.234828347,3.241357781,5.04,4.034673855,1.564820117,10.87715407,2.461988363,0.160991255,9.329321331
3.248903217,15.14807997,18.29736166,2.199507141,2.148099265,4.791312937,5.0075,3.766277594,1.518684445,10.83158026,2.298029216,0.240992338,9.410534376
3.035308595,9.331025347,10.08405764,2.493638238,2.631717746,5.93083783,5.03,3.592922956,0.83630056,5.840847621,1.140652842,0.519519643,4.703697324
3.272824626,13.93726546,15.23307413,2.164839986,2.516209355,2.939079604,4.9,3.9740434,1.211543324,8.210425369,1.801428283,0.341647137,7.90421105
3.264756133,16.4108571,20.02409649,1.961318324,1.987966337,3.40210669,4.93,4.509947357,1.522668138,10.94993643,2.351502011,0.174660469,10.27671685
2.470478792,18.08783301,21.20686623,1.777017015,2.503927189,4.870568723,5.05,3.770967357,1.622564383,9.872434746,2.659856513,0.236906716,7.369833008
2.615637413,14.82342939,16.89041563,2.013862328,2.256489891,2.600519196,4.84,5.012898036,1.248516135,7.309918787,1.863024719,0.356428698,6.870785416
2.124155872,19.71916113,22.00447164,1.774509301,2.178565943,2.493308275,4.855,4.212922648,1.575410665,9.270150365,2.70324867,0.332346802,7.49126896
3.495687546,15.0580704,18.85608024,2.045336643,2.353427555,5.114553896,4.98,3.879506861,1.399168521,10.52597951,2.227607605,0.207257877,10.42332462
3.027708786,17.52051904,21.4275994,1.874130894,2.349361097,3.017753055,4.97,4.123611775,1.756984336,12.44099357,2.879103419,0.143537553,10.76236456
2.384288012,16.09265491,18.03940566,2.403969774,2.174961637,4.278993686,4.785,3.345902375,1.343406151,6.692944879,1.995840604,0.43190554,7.890692212
2.824111709,19.64993081,22.39036122,1.785534026,2.098228138,4.144862837,4.95,5.08756122,1.126754562,9.778370533,1.933983589,0.241336877,8.731739172
3.042878765,18.65806368,22.40627892,1.887798439,2.324104207,4.659407346,4.96,4.375538699,1.388386029,11.09057985,2.193700229,0.186578252,10.80750378
2.669037111,17.03966398,21.77182369,1.709562184,2.236369786,2.611944584,5.03,4.578778633,1.766537492,11.87654572,2.751076882,0.151266107,10.44246267
3.880555543,15.49361728,19.34958892,2.072802414,2.363800797,7.700024511,5.06,3.342534524,1.38148703,10.60174148,2.014255302,0.244644973,11.60659654
2.80120914,13.1754053,15.04736918,2.567060235,2.484514764,6.22096718,4.8,4.189493941,1.151009546,8.770556916,1.749467433,0.532916417,5.804851837
2.144574067,13.49184853,15.55822886,2.121761352,2.783289699,5.352256354,4.915,4.200483945,1.235620832,7.247478423,2.004340529,0.298433336,3.632309206
2.605490211,11.93432028,13.07331265,2.421261359,2.233968725,3.045238183,4.73,6.204156485,0.827783869,5.28038781,1.241011248,0.585851983,4.647900792
3.102040633,12.70424381,14.20287379,2.497883928,2.550820524,5.137003018,5.015,4.189872738,1.154274,9.906098857,1.690752328,0.546331875,7.195920813
3.524319067,5.512717254,6.415183141,3.029503501,2.730872573,4.897968838,4.77,3.619093366,0.536748271,3.318199938,0.795145124,0.821167094,3.006746439
2.903295247,11.62638024,13.45757108,2.431474757,2.405199084,6.157570233,4.72,5.123267553,0.848566391,6.886798962,1.321642815,0.511941972,4.229802021
2.418854488,16.35142292,17.5931319,2.164493742,2.52894998,4.448533714,5.015,6.346888479,1.322735631,9.841479021,1.965600939,0.389921092,5.840285053
3.119836672,14.03360024,15.57013204,2.514070414,2.442145973,5.025734473,4.965,4.868784604,1.095608263,9.134214042,1.558758931,0.413686396,6.417583205
2.880324608,14.0153784,16.32733679,2.338601363,2.800790282,8.694218414,4.905,5.340489545,0.97336047,8.499460523,1.451269912,0.508307495,5.680724761
3.115539337,9.654151293,11.10821836,2.679737462,2.745785379,5.398114779,4.96,3.821438854,0.959257205,7.06291306,1.428358446,0.618431405,5.50155713
3.219762495,10.73258687,12.43607956,2.628032892,2.636355001,5.449386286,4.87,3.83538271,0.997959619,7.863493079,1.485484879,0.682806013,5.664444208
3.024568585,15.04046489,16.76457064,2.278340337,2.466014722,6.750287354,4.965,4.810582233,1.036185921,7.906623665,1.736565383,0.381623196,4.785042081
2.92903167,8.265593206,9.176467977,2.525227472,2.554301058,4.337829446,4.69,5.494483299,0.726430589,4.355688937,1.154765102,0.586475639,3.295116415
3.1187807,11.48086947,12.33717501,2.680407485,2.909655758,4.869959214,4.695,3.624442022,0.848616639,4.634643352,1.270259707,0.765289246,3.692366865
2.744552286,8.840045012,9.895341908,2.51714055,2.572199974,5.614349307,4.645,4.27598738,0.706670583,4.668366767,1.188473096,0.578200049,2.983869748
2.510228721,14.25867087,16.53664559,2.230222525,2.407335269,6.290489929,5.01,5.212975628,1.180052036,9.960432601,1.907595565,0.430287908,6.138408879
3.025276936,12.28509663,13.97365603,2.338276609,2.408444969,4.598861691,4.925,4.634260252,0.936942236,8.080919141,1.53247495,0.528595496,5.435472144
2.809874323,14.73990779,17.40615447,2.284148921,2.40608247,6.575187084,5.075,4.787447203,1.145899135,8.270660675,1.76924572,0.344515429,5.328849817
2.737490405,17.92654415,21.75484559,2.136946233,2.326624821,6.736415295,5.16,5.243323155,1.203676927,13.3352644,1.981820172,0.288593846,7.372358071
3.153653943,9.707508769,11.3590253,2.679334286,2.589421742,4.775211631,4.905,3.815209642,0.956482079,7.130222877,1.42998279,0.658465936,6.127670543
2.596659548,15.98023333,18.29235456,2.142304556,2.60140289,7.249475315,4.945,5.763371651,0.964503438,8.403225133,1.430570838,0.300627863,6.387627253
3.51970487,12.1735261,13.89936935,2.704124595,2.616626615,6.770729748,4.905,3.848723832,0.764918645,6.58628118,1.150234878,0.565113792,5.402695167
3.168122019,12.54281225,13.47017669,2.826862248,2.324711535,6.930670978,4.86,4.400560565,0.817739532,6.724778597,1.205314462,0.5358217,5.592602132
2.774193637,17.02854654,18.04796593,2.279527809,2.39977407,7.379636079,4.97,4.64159888,1.25285468,10.20579227,1.979966492,0.370032274,5.401732552
2.651815935,16.49875993,18.2842432,2.19795743,2.658126886,7.127181291,4.94,5.010884557,1.1928394,8.063058283,1.75254363,0.341677214,5.146576616
2.840242827,11.86477053,12.64768271,2.453595703,2.871897622,3.621495278,4.78,5.382988743,0.855389012,5.405545686,1.312799695,0.578112143,4.183793595
2.990447717,12.01938855,13.74244082,2.421611665,2.543932028,5.059754844,5.04,4.743823211,1.030887386,8.673948157,1.527435265,0.433850239,6.228736001
2.692253223,15.53385907,17.36721885,2.169132267,2.321825373,3.072453143,4.78,6.62628969,1.028346703,8.212479097,1.538114529,0.277541226,6.9951005
2.747531575,16.6050045,18.82406369,2.295947774,2.623967137,7.212982617,4.99,4.473624524,1.212441955,10.91543829,1.857380763,0.40451354,6.400640508
2.208820259,13.96616908,15.81423237,1.919023141,2.963956587,6.87770603,5.03,4.035175721,1.235903633,7.807769438,2.002669512,0.27330419,4.060099917
2.669320323,18.40311819,21.08590247,2.21103581,2.3976106,7.191875543,5.025,5.164055899,1.255348148,12.55198606,2.002535136,0.334531707,6.509460163
2.86276544,16.87911022,19.01255224,2.243487626,2.287686276,5.735315603,4.915,5.22147462,1.178508403,11.32880801,1.965376194,0.41548485,5.775278285
3.102908573,12.08058275,13.10175257,2.422635942,2.565109016,5.783413516,5.01,3.49730186,1.196475597,8.274790984,1.651572972,0.477262784,5.792606666
2.986129852,9.041287417,9.81271489,2.519412999,2.620121827,5.721415423,5.03,3.593175222,0.851839517,5.914913968,1.194194603,0.504219401,4.758819799
2.844992868,17.57675281,20.59341957,2.031428252,2.139455159,4.733220577,4.9775,5.132546728,1.351318852,8.215075243,1.901636543,0.240159765,7.446550365
2.698438893,14.59803804,16.28350631,2.2955746,2.258249349,4.552203722,4.865,6.69614957,0.980351185,8.51696933,1.46881432,0.49760948,6.749639708
2.507946495,22.01358273,26.29155504,2.001454422,1.891652923,3.914962236,5.17,5.631751449,1.635227396,18.06239736,2.697729885,0.283688918,7.747189907
3.474495555,5.643579455,6.563807831,3.06284758,2.835944245,6.063064058,4.82,2.998232455,0.586631957,3.778874267,0.81879804,0.769137151,3.618341636
3.749831941,15.26366262,19.99921739,2.721267629,1.815085255,5.117678163,5.105,3.940019317,1.865329731,10.09142495,2.67086568,0.239113773,11.45745656
2.521425843,22.99229917,25.50170006,1.975230065,1.748011772,7.289981779,5.13,4.243890321,1.369891432,17.63813216,2.437497828,0.326887399,6.789143507
2.850481981,14.59793399,16.36607737,2.390998425,2.358982035,6.02864208,4.895,6.594905682,1.02842397,8.567145803,1.495341687,0.476682092,7.077698467
2.322891877,20.98106674,24.34608837,1.996498431,1.98658835,6.168526072,5.12,5.353065141,1.6579718,18.75513136,2.861837732,0.296794523,7.211942641
3.049773354,9.229446679,10.3220198,2.752807484,2.686479341,6.208504269,4.68,6.132478532,0.686092648,4.826486317,0.982709071,0.737263854,3.858965823
3.166452881,10.65141623,11.77524231,2.67116062,2.489955161,5.238549615,4.845,4.263675247,1.002706193,7.059167755,1.459833601,0.683636142,5.635634615
2.33303414,19.46969776,22.42463412,2.102045238,2.172253124,3.888648593,4.935,6.90597073,1.193650869,12.40394136,1.800883813,0.354951465,7.780551724
2.257615866,19.39720294,20.66278437,2.115617365,2.902522471,2.324488982,4.835,4.135641016,1.867993703,13.37323624,2.97529947,0.409990461,8.457901801
2.326784044,16.24152616,17.50306116,2.23122686,2.858237111,2.790799946,4.93,3.531291761,1.755346768,13.35832461,2.766592185,0.378666881,9.542429156
2.491834074,18.56102593,20.8346404,2.038294858,2.778978686,3.322828092,4.91,4.71432397,1.800193556,12.4612265,2.83063658,0.364234633,9.312664352
2.294254436,17.06095673,19.23228235,2.130326388,2.973853053,3.060881581,4.82,3.894433338,1.93852579,14.51908353,3.18291124,0.428157551,9.228208698
2.424807562,19.41927401,22.2912711,2.042766033,2.912588188,3.666929052,5.1,4.280121271,2.030713875,14.81435926,3.191603581,0.312010702,12.24859732
2.987850398,17.07248703,19.16474769,2.293963191,2.677106641,3.531394713,4.795,5.955272921,1.459260225,9.895355141,2.232875147,0.375212731,8.216181223
2.39117254,20.52867274,21.95740639,1.953922417,2.890731675,3.646974627,4.935,4.50170233,1.830300817,14.04157162,3.003154891,0.288680851,9.663019376
2.189893046,19.04105728,21.27562605,2.120559146,2.794229147,4.015251148,4.96,4.086468742,2.101398532,16.93161451,3.38667801,0.364146741,11.12518946
2.050726915,21.17829387,23.90899227,1.965146542,2.874244666,2.36689083,5.04,4.30443553,2.09986766,14.75385805,3.165891479,0.367162797,10.93105795
3.019241153,14.52578054,16.8531586,2.300036517,3.014350581,4.540490588,4.8725,3.712843268,1.255557273,8.429366356,1.900035848,0.393585354,8.98653853
2.174710963,18.61761311,20.48858356,1.972444662,2.895615264,3.433547325,4.965,4.195481989,1.719928722,12.81590635,2.799964521,0.365583159,9.040974503
2.339779328,16.49224208,19.01826492,1.998930885,2.70229985,3.912717891,4.845,4.834480076,1.402964224,10.33163522,2.233605591,0.335197603,7.803993144
3.163892002,14.81609554,17.56877363,2.286162581,2.774027623,6.155792586,4.895,3.833688306,1.114785644,9.145265769,1.842454426,0.358658218,8.565164508
2.821166045,14.69796147,16.53981235,2.394362221,2.888125627,3.921922363,4.795,3.956591411,1.397961733,10.0337536,2.295681442,0.547097262,8.852956346
2.44787669,16.65510865,19.11582841,1.982539019,2.944992997,4.809710786,4.89,3.531009656,1.634138292,11.8918531,2.668123159,0.356904261,8.237382627
2.635191631,17.68933621,19.73963114,1.982283896,2.795231587,3.04216273,4.98,4.364747311,1.578465323,11.14314445,2.575826043,0.314885365,8.366417469
2.363461012,17.75583904,19.2740091,2.129670037,2.834131911,3.507283104,4.965,3.906256685,1.844079296,14.85239492,3.084046839,0.421612303,10.45218719
2.34064841,19.0501897,21.21874393,2.000139304,2.879655132,3.037417894,5.035,4.434951211,1.735401263,13.68463662,2.886791871,0.344059591,11.20216999
2.260072984,19.25758592,22.09568346,1.947753662,2.859500918,2.689190874,5.075,3.757659616,2.113770221,15.38018176,3.25069002,0.271236401,11.89087007
2.248426279,21.55859251,24.61370048,1.93545594,2.794406431,1.671359149,5.065,4.552186536,2.176008554,15.32089065,3.366863453,0.265676404,11.48708084
2.209720109,19.96990213,21.58062864,2.151767381,3.016779118,3.626813181,4.94,4.167394702,1.821519548,12.45561381,2.737343766,0.338109795,9.950182615
2.153287014,20.12858307,21.88180863,1.947565595,2.919511757,2.672995135,4.99,4.205488928,1.445714871,9.884073644,2.157975639,0.185439177,6.861381862
2.211664405,17.40569771,18.82084775,2.026242926,2.974972796,2.915902719,4.7,4.342212871,1.818790137,12.61504378,2.920561347,0.45143329,7.355580097
2.319155276,16.69347385,18.32659188,1.958357274,3.067109768,4.599182869,4.73,4.209979702,1.506854405,8.935440495,2.308399024,0.433751077,5.523380505
2.280132462,22.14383806,24.15049481,1.970464715,2.835419213,1.952573058,4.98,4.181422109,2.215574554,15.2593407,3.431213741,0.229967276,11.50289487
2.614727017,20.21488528,22.94834019,1.76977746,2.852565591,4.272763796,4.97,4.875226056,1.676489646,12.16422913,2.663567904,0.227712468,9.217312199
2.674617181,17.98882794,22.19335532,1.853243275,2.392399171,3.331507096,4.98,4.910162706,1.705876814,11.642789,2.544435155,0.190565189,8.583334501
3.24305342,14.06042329,16.57223748,2.170947593,2.598695137,4.901589251,4.85,4.088063045,1.037396515,7.123220959,1.573941496,0.300847689,6.529349813
2.428239163,18.39750387,21.7386358,1.950626315,2.467211834,3.057118561,5.035,4.264209769,2.10165844,16.96284293,3.347852838,0.263910665,11.38172099
2.588041871,17.32209701,19.74096108,1.889766876,2.455021241,3.69470258,4.92,5.069915854,1.588207881,10.90449022,2.536503756,0.258384974,7.770309312
